,MonthlyIncome,Passport,DurationOfPitch,Designation_Executive,ProductPitched_Deluxe,Designation_Manager,Age,NumberOfTrips,PreferredPropertyStar,Gender_Male,ProdTaken
1,20130.0,0,14.0,0,1,1,49.0,2.0,4.0,1,0
3,17909.0,1,9.0,1,0,0,33.0,2.0,3.0,0,0
4,18468.0,0,8.0,1,0,0,45.0,1.0,4.0,1,0
7,17693.0,0,30.0,1,0,0,30.0,2.0,3.0,1,0
9,20237.0,0,33.0,0,1,1,36.0,7.0,3.0,1,0
10,17426.0,0,22.0,1,0,0,35.0,1.0,4.0,1,0
12,17911.0,0,32.0,1,0,0,31.0,2.0,3.0,1,0
13,17661.0,0,25.0,1,0,0,34.0,1.0,3.0,1,0
16,18298.0,1,11.0,1,0,0,32.0,1.0,4.0,1,0
17,17935.0,1,22.0,1,0,0,22.0,2.0,3.0,1,0
20,20231.0,0,17.0,0,1,1,26.0,1.0,3.0,0,0
27,21825.0,0,14.0,0,1,1,42.0,1.0,4.0,1,0
31,21465.0,1,16.0,0,1,1,44.0,3.0,3.0,1,0
34,17293.0,1,6.0,1,0,0,24.0,3.0,3.0,1,1
35,17645.0,0,8.0,1,0,0,43.0,2.0,3.0,0,0
36,17683.0,1,9.0,1,0,0,50.0,2.0,3.0,1,1
37,17014.0,0,8.0,1,0,0,35.0,2.0,3.0,0,0
39,20376.0,0,6.0,0,1,1,33.0,3.0,5.0,0,0
40,16951.0,0,10.0,1,0,0,35.0,2.0,3.0,1,0
41,17341.0,0,8.0,1,0,0,27.0,2.0,5.0,0,0
47,18022.0,0,25.0,1,0,0,37.0,5.0,4.0,1,0
49,17269.0,0,14.0,1,0,0,35.0,2.0,3.0,1,0
52,20454.0,1,6.0,0,1,1,44.0,6.0,5.0,0,0
57,23005.0,1,29.0,1,0,0,35.0,4.0,5.0,0,0
58,20915.0,0,13.0,0,1,1,31.0,4.0,3.0,1,0
59,20993.0,0,6.0,0,1,1,37.0,2.0,3.0,1,0
60,21162.0,1,6.0,0,1,1,32.0,2.0,3.0,1,0
68,17194.0,0,6.0,1,0,0,35.0,5.0,5.0,1,0
69,18388.0,1,15.0,1,0,0,30.0,1.0,3.0,1,1
71,17703.0,0,8.0,1,0,0,29.0,1.0,4.0,1,0
73,21220.0,0,6.0,0,1,1,32.0,2.0,4.0,1,0
74,18038.0,0,12.0,0,1,1,36.0,4.0,3.0,0,0
79,20021.0,1,11.0,0,1,1,46.0,1.0,4.0,1,0
80,20126.0,1,6.0,0,1,1,30.0,2.0,3.0,1,0
83,20329.0,1,12.0,0,1,1,38.0,1.0,3.0,0,0
84,21288.0,0,20.0,0,1,1,34.0,2.0,4.0,1,0
87,17075.0,0,15.0,1,0,0,51.0,4.0,3.0,1,0
92,20209.0,1,10.0,0,1,1,30.0,2.0,4.0,0,0
96,19999.0,0,9.0,0,1,1,24.0,1.0,3.0,0,0
97,21250.0,0,10.0,0,1,1,46.0,2.0,3.0,1,0
99,17042.0,0,29.0,0,1,1,44.0,5.0,4.0,1,0
100,17073.0,1,12.0,1,0,0,37.0,5.0,5.0,1,1
104,20163.0,0,8.0,0,1,1,37.0,6.0,3.0,1,0
108,17889.0,0,13.0,1,0,0,25.0,2.0,3.0,1,0
113,17774.0,0,24.0,1,0,0,24.0,1.0,3.0,1,0
114,19505.0,0,12.0,0,1,1,34.0,7.0,4.0,0,0
118,17835.0,0,9.0,1,0,0,36.0,6.0,3.0,0,0
120,17613.0,0,29.0,1,0,0,30.0,2.0,3.0,1,0
121,21146.0,0,28.0,0,1,1,33.0,1.0,4.0,1,0
124,21172.0,1,12.0,0,1,1,31.0,5.0,3.0,1,1
125,17368.0,0,12.0,1,0,0,26.0,2.0,4.0,0,0
129,21567.0,0,26.0,0,1,1,49.0,2.0,5.0,0,0
132,19559.0,1,17.0,0,1,1,31.0,4.0,3.0,0,1
134,17942.0,0,31.0,1,0,0,26.0,2.0,3.0,0,0
135,19941.0,0,12.0,0,1,1,36.0,7.0,4.0,1,0
137,20902.0,0,10.0,0,1,1,39.0,5.0,3.0,0,0
138,23639.0,0,34.0,0,1,1,25.0,3.0,3.0,1,0
139,21347.0,1,15.0,0,1,1,30.0,1.0,3.0,1,0
144,19668.0,0,34.0,0,1,1,32.0,1.0,3.0,1,0
148,17238.0,0,15.0,1,0,0,41.0,3.0,5.0,1,0
150,20605.0,0,32.0,0,1,1,40.0,2.0,4.0,0,0
152,17306.0,1,12.0,0,1,1,53.0,3.0,3.0,1,0
153,17348.0,0,15.0,0,1,1,45.0,1.0,4.0,1,0
156,21132.0,0,13.0,0,1,1,51.0,3.0,3.0,1,0
159,17231.0,0,8.0,1,0,0,34.0,7.0,3.0,0,0
160,17323.0,0,25.0,1,0,0,22.0,2.0,3.0,1,0
161,17024.0,0,15.0,1,0,0,27.0,7.0,4.0,1,0
162,17713.0,0,27.0,1,0,0,28.0,2.0,3.0,1,0
164,17566.0,1,9.0,1,0,0,27.0,2.0,3.0,1,0
166,17451.0,0,20.0,1,0,0,41.0,5.0,3.0,1,0
173,18072.0,0,15.0,0,1,1,30.0,2.0,5.0,1,0
174,20006.0,1,10.0,0,1,1,45.0,5.0,5.0,0,0
180,24796.0,1,18.0,1,0,0,46.0,1.0,3.0,0,0
183,18690.0,0,6.0,1,0,0,51.0,3.0,3.0,1,0
184,23325.0,0,7.0,0,1,1,53.0,2.0,5.0,0,0
185,17756.0,0,20.0,1,0,0,33.0,2.0,4.0,0,0
188,24547.0,0,8.0,0,1,1,34.0,2.0,3.0,1,0
192,20916.0,1,29.0,0,1,1,35.0,4.0,3.0,1,1
193,17089.0,0,13.0,1,0,0,43.0,5.0,3.0,1,0
195,18564.0,1,27.0,1,0,0,26.0,2.0,5.0,1,0
197,20265.0,0,27.0,0,1,1,42.0,3.0,3.0,0,0
198,21553.0,0,8.0,0,1,1,38.0,1.0,3.0,1,0
201,21804.0,1,24.0,0,1,1,49.0,2.0,3.0,1,0
202,20121.0,1,16.0,1,0,0,41.0,2.0,3.0,1,0
203,17741.0,1,25.0,0,1,1,40.0,1.0,3.0,1,0
204,21673.0,1,35.0,0,1,1,38.0,1.0,5.0,1,1
206,17328.0,1,11.0,1,0,0,22.0,2.0,4.0,1,0
208,19876.0,0,31.0,0,1,1,40.0,1.0,3.0,1,0
219,20940.0,0,9.0,0,1,1,54.0,3.0,5.0,0,0
221,17622.0,0,10.0,1,0,0,33.0,7.0,4.0,0,0
224,25221.0,0,11.0,0,1,1,31.0,1.0,3.0,1,0
226,17177.0,0,10.0,1,0,0,37.0,5.0,3.0,1,0
234,17436.0,1,20.0,1,0,0,33.0,6.0,3.0,1,1
236,17707.0,0,8.0,1,0,0,33.0,1.0,5.0,0,1
238,21263.0,0,10.0,1,0,0,55.0,3.0,4.0,0,0
240,17232.0,0,6.0,1,0,0,39.0,1.0,3.0,0,0
241,17875.0,0,7.0,0,1,1,32.0,1.0,3.0,1,0
242,18072.0,0,25.0,0,1,1,41.0,3.0,5.0,1,0
246,17911.0,0,11.0,1,0,0,33.0,2.0,3.0,0,0
247,20957.0,0,8.0,0,1,1,34.0,7.0,5.0,1,0
248,24952.0,0,6.0,1,0,0,33.0,3.0,5.0,0,0
249,21434.0,0,13.0,0,1,1,45.0,5.0,3.0,1,0
254,21931.0,0,26.0,0,1,1,29.0,3.0,3.0,1,0
255,19898.0,0,9.0,0,1,1,25.0,1.0,3.0,0,0
256,17593.0,1,8.0,1,0,0,42.0,1.0,5.0,0,0
258,17723.0,0,6.0,1,0,0,51.0,2.0,3.0,1,0
260,17794.0,0,13.0,1,0,0,32.0,2.0,4.0,1,0
261,20249.0,0,8.0,0,1,1,38.0,4.0,3.0,1,0
265,21644.0,0,8.0,0,1,1,29.0,3.0,4.0,1,0
266,20582.0,0,29.0,0,1,1,31.0,1.0,3.0,1,0
267,23711.0,0,11.0,0,1,1,39.0,2.0,5.0,1,0
269,18210.0,0,12.0,1,0,0,36.0,1.0,3.0,1,0
272,17070.0,0,15.0,1,0,0,28.0,2.0,3.0,1,0
273,21502.0,0,12.0,0,1,1,37.0,5.0,3.0,1,0
277,20605.0,1,13.0,0,1,1,38.0,2.0,5.0,0,0
278,21397.0,0,6.0,0,1,1,26.0,2.0,4.0,0,0
281,19907.0,0,6.0,0,1,1,42.0,2.0,3.0,1,0
284,19741.0,1,34.0,0,1,1,26.0,2.0,5.0,1,0
286,18161.0,1,30.0,1,0,0,44.0,4.0,3.0,1,1
287,20745.0,0,29.0,0,1,1,38.0,1.0,3.0,1,0
288,17373.0,1,22.0,1,0,0,26.0,3.0,4.0,1,1
292,17789.0,0,11.0,1,0,0,31.0,2.0,4.0,0,0
294,17326.0,1,15.0,1,0,0,37.0,2.0,3.0,1,0
298,18688.0,0,24.0,1,0,0,29.0,5.0,3.0,1,0
299,20482.0,0,8.0,0,1,1,51.0,6.0,4.0,1,0
305,20674.0,0,30.0,0,1,1,36.0,1.0,4.0,0,0
306,20484.0,0,13.0,0,1,1,32.0,2.0,3.0,1,0
310,21410.0,0,8.0,0,1,1,31.0,4.0,5.0,1,0
312,17695.0,1,8.0,1,0,0,31.0,1.0,3.0,1,0
321,22547.0,0,13.0,0,1,1,31.0,5.0,3.0,1,0
324,20775.0,0,34.0,0,1,1,30.0,2.0,3.0,0,0
327,20238.0,1,9.0,0,1,1,39.0,5.0,3.0,0,1
330,20257.0,0,16.0,0,1,1,43.0,2.0,3.0,0,0
331,21349.0,1,6.0,0,1,1,27.0,1.0,4.0,1,0
334,18697.0,0,14.0,0,1,1,49.0,1.0,3.0,1,0
335,22457.0,1,6.0,0,1,1,40.0,3.0,3.0,1,0
336,17119.0,1,14.0,1,0,0,29.0,2.0,5.0,1,1
338,21118.0,0,11.0,0,1,1,30.0,2.0,3.0,0,0
339,21214.0,0,14.0,0,1,1,27.0,2.0,4.0,0,0
340,21347.0,0,11.0,0,1,1,37.0,1.0,3.0,1,0
343,23268.0,1,16.0,0,1,1,29.0,2.0,4.0,0,0
345,17904.0,0,32.0,1,0,0,23.0,2.0,3.0,1,0
349,19649.0,0,7.0,0,1,1,29.0,2.0,3.0,1,0
351,17370.0,0,8.0,1,0,0,32.0,2.0,4.0,0,0
353,20974.0,1,12.0,0,1,1,37.0,5.0,5.0,1,0
355,20296.0,0,6.0,0,1,1,26.0,2.0,3.0,1,0
361,17213.0,1,16.0,1,0,0,40.0,4.0,3.0,0,0
364,18452.0,0,16.0,1,0,0,29.0,7.0,5.0,0,0
365,20258.0,0,13.0,0,1,1,46.0,3.0,3.0,0,0
368,21380.0,1,28.0,0,1,1,40.0,3.0,3.0,1,1
373,20472.0,0,6.0,1,0,0,35.0,2.0,4.0,1,0
376,19936.0,0,20.0,0,1,1,51.0,5.0,3.0,0,0
377,17543.0,0,8.0,1,0,0,36.0,5.0,3.0,0,0
380,19721.0,1,8.0,0,1,1,24.0,2.0,3.0,0,0
383,17244.0,0,17.0,1,0,0,22.0,2.0,4.0,0,0
386,18034.0,0,20.0,1,0,0,37.0,2.0,5.0,0,0
387,20715.0,0,8.0,0,1,1,40.0,1.0,4.0,0,0
388,17576.0,0,6.0,1,0,0,42.0,4.0,5.0,0,0
391,18448.0,0,8.0,0,1,1,46.0,7.0,3.0,0,0
393,21538.0,0,10.0,0,1,1,34.0,1.0,3.0,0,0
394,21549.0,0,27.0,0,1,1,31.0,2.0,5.0,0,0
395,17258.0,0,27.0,1,0,0,43.0,1.0,3.0,1,0
396,19522.0,1,21.0,0,1,1,43.0,5.0,3.0,0,0
398,22656.0,1,32.0,0,1,1,37.0,4.0,3.0,0,0
399,17218.0,0,6.0,1,0,0,31.0,2.0,5.0,1,0
404,19558.0,0,9.0,0,1,1,28.0,2.0,5.0,1,0
405,26915.0,0,9.0,1,0,0,43.0,6.0,5.0,1,1
407,17654.0,0,16.0,1,0,0,45.0,4.0,3.0,1,0
409,19556.0,0,11.0,0,1,1,42.0,3.0,3.0,0,0
412,19810.0,0,15.0,0,1,1,46.0,3.0,3.0,0,0
415,17351.0,0,12.0,1,0,0,34.0,1.0,3.0,0,1
416,16702.0,1,8.0,1,0,0,38.0,2.0,3.0,1,0
418,17886.0,0,29.0,1,0,0,26.0,2.0,3.0,0,0
419,17097.0,0,9.0,1,0,0,30.0,5.0,3.0,1,0
428,20070.0,0,8.0,0,1,1,47.0,6.0,3.0,0,0
432,17768.0,0,8.0,1,0,0,34.0,4.0,3.0,1,0
436,18408.0,0,16.0,1,0,0,45.0,1.0,3.0,1,1
441,17093.0,0,11.0,1,0,0,42.0,5.0,3.0,1,0
444,22094.0,0,8.0,0,1,1,37.0,3.0,3.0,0,0
447,19717.0,0,7.0,0,1,1,35.0,1.0,3.0,1,0
449,25453.0,0,14.0,1,0,0,50.0,2.0,3.0,0,0
452,19805.0,0,15.0,0,1,1,45.0,1.0,4.0,1,0
453,17741.0,1,23.0,1,0,0,26.0,1.0,3.0,0,1
460,21949.0,0,15.0,0,1,1,26.0,6.0,3.0,1,0
469,19707.0,0,6.0,0,1,1,32.0,1.0,3.0,1,1
470,17400.0,0,30.0,1,0,0,24.0,1.0,3.0,1,0
471,24824.0,0,16.0,0,1,1,38.0,4.0,3.0,0,0
472,21447.0,0,6.0,0,1,1,37.0,7.0,4.0,0,0
474,17725.0,1,29.0,1,0,0,24.0,2.0,3.0,1,0
475,21272.0,0,34.0,0,1,1,26.0,2.0,4.0,1,0
476,17127.0,0,23.0,1,0,0,24.0,2.0,4.0,1,0
478,17096.0,0,19.0,1,0,0,25.0,2.0,3.0,1,0
479,17886.0,1,13.0,1,0,0,24.0,2.0,3.0,0,1
480,17033.0,0,18.0,1,0,0,30.0,2.0,5.0,1,1
481,18622.0,1,6.0,1,0,0,33.0,2.0,3.0,1,0
482,18022.0,0,19.0,0,1,1,31.0,3.0,5.0,1,1
484,20460.0,0,12.0,0,1,1,31.0,5.0,3.0,1,0
485,17187.0,0,12.0,1,0,0,27.0,1.0,3.0,0,0
486,24602.0,1,8.0,0,1,1,37.0,5.0,3.0,1,0
488,20813.0,0,8.0,0,1,1,35.0,2.0,3.0,0,0
491,20679.0,1,15.0,0,1,1,43.0,4.0,3.0,1,0
495,18041.0,0,8.0,1,0,0,27.0,1.0,5.0,1,1
498,17773.0,0,12.0,1,0,0,22.0,1.0,3.0,1,0
499,22104.0,0,14.0,0,1,1,33.0,1.0,3.0,1,0
500,21322.0,1,15.0,0,1,1,32.0,2.0,3.0,0,0
501,17083.0,0,9.0,1,0,0,30.0,2.0,3.0,0,0
503,17691.0,0,6.0,1,0,0,34.0,2.0,3.0,1,0
504,21398.0,0,6.0,0,1,1,45.0,3.0,5.0,0,1
505,17659.0,1,12.0,1,0,0,26.0,2.0,3.0,0,0
507,20561.0,0,9.0,0,1,1,29.0,2.0,3.0,0,0
509,22725.0,0,12.0,0,1,1,33.0,4.0,3.0,1,0
511,23847.0,1,15.0,0,1,1,36.0,3.0,4.0,1,0
515,16281.0,0,9.0,1,0,0,35.0,2.0,3.0,1,0
516,17819.0,0,10.0,1,0,0,23.0,3.0,5.0,1,0
517,19851.0,0,9.0,0,1,1,25.0,1.0,4.0,1,0
519,17720.0,0,6.0,1,0,0,29.0,2.0,3.0,1,0
520,23120.0,0,8.0,0,1,1,48.0,4.0,4.0,1,0
521,19647.0,1,27.0,0,1,1,27.0,2.0,3.0,0,0
523,18221.0,1,34.0,1,0,0,50.0,2.0,3.0,1,0
539,22457.0,0,14.0,1,0,0,25.0,1.0,4.0,1,0
545,20304.0,0,33.0,0,1,1,30.0,1.0,3.0,1,0
547,17759.0,1,25.0,1,0,0,42.0,7.0,3.0,1,1
548,21804.0,0,21.0,0,1,1,43.0,4.0,3.0,1,0
550,17500.0,0,15.0,1,0,0,23.0,2.0,5.0,1,0
551,21389.0,0,9.0,0,1,1,39.0,1.0,4.0,0,0
555,17297.0,0,16.0,1,0,0,29.0,2.0,4.0,1,0
557,20093.0,0,8.0,0,1,1,35.0,3.0,5.0,0,0
558,20309.0,0,30.0,0,1,1,32.0,2.0,3.0,1,0
559,18057.0,1,8.0,1,0,0,38.0,7.0,3.0,1,0
560,20121.0,0,14.0,0,1,1,34.0,4.0,5.0,0,0
570,20692.0,0,24.0,1,0,0,52.0,1.0,3.0,1,0
571,21513.0,0,16.0,1,0,0,26.0,4.0,3.0,0,0
572,21332.0,0,24.0,0,1,1,29.0,5.0,3.0,0,0
575,20485.0,1,25.0,0,1,1,54.0,1.0,5.0,0,0
576,19810.0,0,22.0,0,1,1,27.0,1.0,3.0,1,0
577,17782.0,1,16.0,1,0,0,37.0,1.0,5.0,0,0
580,17572.0,0,14.0,1,0,0,35.0,2.0,3.0,0,0
581,21303.0,0,6.0,1,0,0,46.0,4.0,3.0,1,0
583,21500.0,0,14.0,0,1,1,34.0,6.0,5.0,0,0
586,17694.0,0,15.0,1,0,0,24.0,2.0,4.0,1,0
587,18149.0,0,17.0,0,1,1,52.0,1.0,3.0,0,0
589,17319.0,1,6.0,1,0,0,29.0,2.0,5.0,0,1
593,20228.0,0,6.0,0,1,1,36.0,1.0,4.0,0,0
597,21062.0,1,6.0,0,1,1,42.0,1.0,3.0,0,0
599,17143.0,0,19.0,1,0,0,36.0,5.0,4.0,1,0
600,21162.0,0,10.0,0,1,1,32.0,2.0,3.0,0,0
604,25108.0,0,9.0,0,1,1,42.0,2.0,4.0,1,0
605,21288.0,0,18.0,0,1,1,38.0,3.0,5.0,1,0
612,19779.0,1,7.0,0,1,1,28.0,2.0,4.0,0,0
613,17696.0,0,9.0,1,0,0,37.0,1.0,3.0,1,0
614,17366.0,1,11.0,1,0,0,26.0,2.0,3.0,0,1
615,16706.0,0,9.0,1,0,0,27.0,2.0,3.0,1,0
621,21201.0,1,6.0,0,1,1,36.0,2.0,3.0,1,0
622,21134.0,0,8.0,0,1,1,32.0,3.0,3.0,1,0
623,24738.0,0,11.0,1,0,0,55.0,1.0,3.0,1,0
628,21334.0,0,22.0,0,1,1,37.0,5.0,3.0,1,0
630,19775.0,0,36.0,0,1,1,22.0,7.0,3.0,1,0
633,17342.0,0,14.0,1,0,0,36.0,1.0,5.0,1,0
636,17022.0,1,31.0,1,0,0,35.0,2.0,4.0,0,1
637,17314.0,0,6.0,1,0,0,32.0,1.0,3.0,1,0
640,18162.0,0,10.0,1,0,0,24.0,1.0,3.0,1,0
641,21524.0,0,11.0,0,1,1,32.0,2.0,4.0,1,0
642,17899.0,0,15.0,1,0,0,38.0,1.0,4.0,1,0
644,17356.0,1,17.0,1,0,0,31.0,4.0,3.0,1,0
645,17800.0,1,6.0,1,0,0,29.0,7.0,3.0,0,1
648,17973.0,0,27.0,1,0,0,37.0,6.0,3.0,0,0
650,20562.0,0,6.0,0,1,1,43.0,5.0,3.0,0,0
651,19537.0,1,16.0,0,1,1,47.0,1.0,3.0,0,0
654,20204.0,0,8.0,0,1,1,39.0,1.0,3.0,0,0
655,17277.0,1,9.0,1,0,0,33.0,4.0,4.0,1,0
657,17532.0,0,13.0,1,0,0,29.0,7.0,3.0,0,0
658,17559.0,1,15.0,1,0,0,44.0,2.0,5.0,1,0
661,19765.0,0,9.0,0,1,1,43.0,5.0,4.0,0,0
664,21586.0,1,20.0,0,1,1,36.0,1.0,3.0,1,0
666,25075.0,1,9.0,0,1,1,30.0,1.0,3.0,0,1
667,17778.0,1,8.0,1,0,0,41.0,5.0,3.0,0,1
668,17377.0,0,15.0,1,0,0,28.0,6.0,3.0,0,0
669,17404.0,1,12.0,1,0,0,39.0,1.0,5.0,1,1
671,17008.0,0,16.0,1,0,0,34.0,2.0,4.0,1,0
675,17329.0,0,13.0,1,0,0,31.0,4.0,3.0,1,0
676,25390.0,1,27.0,0,1,1,30.0,2.0,3.0,0,0
678,17259.0,0,26.0,1,0,0,48.0,5.0,3.0,1,0
679,21932.0,0,26.0,0,1,1,31.0,2.0,3.0,0,0
682,17332.0,0,6.0,1,0,0,32.0,7.0,4.0,0,0
683,17413.0,1,25.0,1,0,0,25.0,2.0,4.0,1,1
690,20855.0,1,18.0,0,1,1,31.0,1.0,3.0,0,0
691,18617.0,1,15.0,1,0,0,41.0,1.0,4.0,1,0
692,21725.0,0,9.0,0,1,1,32.0,2.0,5.0,0,0
696,21651.0,0,6.0,0,1,1,45.0,2.0,4.0,1,0
698,19601.0,0,23.0,0,1,1,35.0,2.0,3.0,0,0
713,17270.0,0,6.0,1,0,0,45.0,4.0,3.0,0,0
718,18633.0,1,29.0,0,1,1,19.0,2.0,5.0,1,0
720,17132.0,1,28.0,1,0,0,30.0,5.0,3.0,0,1
722,17684.0,0,16.0,1,0,0,38.0,1.0,3.0,1,0
724,17177.0,0,9.0,0,1,1,24.0,2.0,3.0,0,0
726,22644.0,0,6.0,0,1,1,48.0,2.0,5.0,0,0
734,17451.0,0,14.0,1,0,0,22.0,2.0,5.0,1,0
739,25648.0,0,8.0,0,1,1,27.0,1.0,3.0,0,0
740,21385.0,0,16.0,1,0,0,41.0,2.0,3.0,1,0
742,17380.0,0,15.0,1,0,0,50.0,5.0,3.0,1,0
744,19777.0,0,14.0,0,1,1,37.0,6.0,4.0,0,1
745,21385.0,1,24.0,0,1,1,55.0,4.0,4.0,1,0
751,21347.0,0,6.0,0,1,1,50.0,1.0,3.0,0,0
761,19834.0,0,11.0,0,1,1,36.0,1.0,3.0,1,1
762,17042.0,1,8.0,1,0,0,26.0,7.0,5.0,1,1
763,17220.0,1,16.0,1,0,0,34.0,2.0,3.0,0,0
764,16052.0,0,16.0,1,0,0,28.0,2.0,4.0,1,0
765,17821.0,0,9.0,1,0,0,38.0,4.0,3.0,1,0
768,23396.0,0,32.0,0,1,1,40.0,2.0,5.0,1,0
769,17007.0,0,6.0,1,0,0,26.0,2.0,3.0,0,0
778,19615.0,1,11.0,0,1,1,46.0,1.0,5.0,0,0
779,17461.0,1,10.0,1,0,0,51.0,1.0,3.0,1,1
781,20249.0,0,6.0,1,0,0,38.0,2.0,5.0,1,0
782,24957.0,0,26.0,0,1,1,30.0,1.0,5.0,1,0
786,19621.0,0,29.0,1,0,0,27.0,2.0,3.0,1,0
793,17207.0,0,21.0,1,0,0,28.0,2.0,3.0,1,0
795,21694.0,1,16.0,0,1,1,37.0,3.0,3.0,0,0
797,17377.0,0,27.0,1,0,0,26.0,2.0,3.0,1,1
800,17596.0,0,6.0,1,0,0,28.0,2.0,4.0,1,1
802,19787.0,0,9.0,0,1,1,33.0,1.0,4.0,0,0
803,17979.0,0,9.0,1,0,0,34.0,4.0,3.0,1,0
805,20593.0,0,15.0,0,1,1,45.0,2.0,3.0,0,0
808,17514.0,0,34.0,1,0,0,29.0,5.0,3.0,0,0
819,18201.0,0,8.0,1,0,0,28.0,1.0,4.0,1,0
820,19968.0,0,17.0,0,1,1,35.0,2.0,3.0,1,0
823,18291.0,0,16.0,1,0,0,29.0,1.0,4.0,0,0
825,20056.0,1,14.0,0,1,1,29.0,2.0,3.0,1,0
827,17703.0,1,12.0,1,0,0,28.0,2.0,3.0,1,0
830,19766.0,1,12.0,1,0,0,41.0,4.0,3.0,1,0
831,17610.0,0,21.0,1,0,0,31.0,2.0,3.0,1,1
832,20731.0,0,31.0,0,1,1,37.0,1.0,3.0,0,0
833,17539.0,0,12.0,1,0,0,27.0,2.0,3.0,1,0
834,20714.0,0,15.0,0,1,1,34.0,2.0,3.0,0,0
840,17258.0,0,6.0,1,0,0,35.0,7.0,3.0,1,0
842,17515.0,1,18.0,1,0,0,28.0,2.0,3.0,0,1
844,21578.0,0,16.0,0,1,1,30.0,2.0,3.0,1,0
848,17376.0,0,10.0,1,0,0,35.0,2.0,3.0,1,0
850,17827.0,0,8.0,1,0,0,32.0,2.0,5.0,0,0
852,18131.0,0,12.0,1,0,0,29.0,2.0,3.0,0,0
854,25152.0,1,10.0,1,0,0,45.0,5.0,3.0,0,0
855,21474.0,0,6.0,0,1,1,37.0,2.0,3.0,0,0
859,17168.0,1,21.0,1,0,0,29.0,1.0,3.0,0,0
860,17853.0,1,9.0,1,0,0,22.0,1.0,3.0,1,1
864,17107.0,0,11.0,1,0,0,41.0,7.0,5.0,1,1
865,17380.0,0,35.0,0,1,1,52.0,1.0,5.0,1,0
868,18196.0,0,25.0,1,0,0,28.0,2.0,5.0,1,0
870,23966.0,1,23.0,0,1,1,35.0,4.0,5.0,1,0
871,17210.0,0,23.0,1,0,0,24.0,2.0,4.0,0,1
872,19539.0,0,7.0,0,1,1,33.0,2.0,3.0,0,0
873,17741.0,0,12.0,1,0,0,36.0,2.0,3.0,1,0
874,18491.0,0,13.0,0,1,1,35.0,2.0,3.0,1,0
880,17743.0,0,19.0,1,0,0,32.0,2.0,4.0,0,0
883,17781.0,0,15.0,1,0,0,33.0,1.0,3.0,1,0
889,17235.0,1,20.0,1,0,0,27.0,2.0,5.0,1,0
893,25025.0,0,6.0,1,0,0,40.0,2.0,3.0,0,0
895,21833.0,1,17.0,0,1,1,31.0,2.0,5.0,1,0
902,17517.0,0,10.0,1,0,0,27.0,2.0,3.0,1,0
903,21623.0,1,13.0,0,1,1,29.0,2.0,3.0,1,0
910,16223.0,0,6.0,1,0,0,23.0,2.0,3.0,1,0
920,20405.0,0,34.0,0,1,1,34.0,5.0,4.0,0,0
923,19490.0,0,13.0,0,1,1,34.0,5.0,4.0,1,0
924,18506.0,1,12.0,1,0,0,30.0,1.0,3.0,1,0
939,19883.0,0,15.0,0,1,1,32.0,2.0,3.0,1,1
944,21674.0,0,6.0,0,1,1,28.0,1.0,3.0,0,0
953,17362.0,0,9.0,1,0,0,44.0,5.0,5.0,1,1
957,18544.0,0,22.0,1,0,0,33.0,1.0,3.0,1,0
960,19621.0,0,6.0,0,1,1,32.0,1.0,5.0,0,0
963,21893.0,0,8.0,0,1,1,38.0,4.0,5.0,0,0
965,18669.0,0,25.0,1,0,0,47.0,4.0,3.0,1,0
967,17387.0,0,6.0,1,0,0,40.0,4.0,4.0,1,0
973,20363.0,0,6.0,0,1,1,35.0,1.0,3.0,0,0
979,20429.0,0,35.0,0,1,1,34.0,5.0,3.0,1,0
981,19614.0,1,35.0,0,1,1,35.0,1.0,3.0,0,1
984,19724.0,0,12.0,0,1,1,28.0,2.0,5.0,1,0
985,21179.0,1,28.0,0,1,1,31.0,2.0,3.0,1,1
986,21120.0,1,27.0,0,1,1,39.0,4.0,3.0,1,0
988,20467.0,1,28.0,0,1,1,41.0,4.0,3.0,0,0
989,17996.0,1,10.0,1,0,0,37.0,1.0,3.0,1,0
990,24998.0,0,11.0,0,1,1,33.0,7.0,3.0,1,0
991,21577.0,1,8.0,0,1,1,35.0,1.0,4.0,1,0
996,20769.0,1,16.0,0,1,1,27.0,2.0,3.0,0,0
1000,17950.0,0,14.0,1,0,0,52.0,1.0,5.0,0,0
1013,19779.0,0,14.0,0,1,1,30.0,1.0,5.0,0,0
1015,17996.0,0,6.0,1,0,0,34.0,6.0,5.0,1,0
1017,17099.0,0,17.0,1,0,0,27.0,1.0,5.0,1,0
1019,20647.0,0,22.0,0,1,1,36.0,5.0,5.0,0,0
1021,17090.0,0,6.0,1,0,0,25.0,4.0,5.0,1,1
1025,22439.0,1,10.0,0,1,1,36.0,2.0,3.0,0,0
1026,24204.0,0,13.0,0,1,1,32.0,5.0,3.0,1,0
1027,18294.0,0,6.0,1,0,0,34.0,6.0,4.0,0,0
1029,21001.0,0,15.0,0,1,1,47.0,4.0,3.0,1,0
1036,22678.0,1,8.0,1,0,0,25.0,7.0,3.0,1,1
1038,20486.0,0,13.0,0,1,1,48.0,5.0,5.0,1,0
1045,17345.0,0,8.0,1,0,0,40.0,3.0,3.0,1,0
1047,17632.0,0,32.0,0,1,1,33.0,1.0,5.0,1,0
1049,20301.0,0,22.0,0,1,1,30.0,1.0,3.0,1,0
1051,19768.0,0,10.0,0,1,1,44.0,1.0,3.0,0,0
1059,17404.0,0,13.0,1,0,0,35.0,2.0,3.0,1,0
1061,17033.0,0,19.0,1,0,0,24.0,2.0,4.0,0,0
1063,23620.0,0,25.0,0,1,1,29.0,2.0,3.0,1,0
1064,17064.0,0,6.0,1,0,0,30.0,1.0,3.0,1,0
1065,20957.0,1,10.0,0,1,1,31.0,1.0,3.0,1,0
1066,21716.0,0,10.0,1,0,0,29.0,1.0,4.0,0,0
1067,19591.0,1,17.0,0,1,1,47.0,4.0,3.0,0,0
1069,16563.0,0,6.0,1,0,0,28.0,2.0,3.0,1,0
1071,19789.0,0,33.0,0,1,1,49.0,5.0,5.0,0,0
1072,18180.0,0,8.0,1,0,0,29.0,1.0,4.0,0,0
1073,21549.0,0,35.0,0,1,1,28.0,2.0,4.0,1,0
1088,19841.0,0,29.0,1,0,0,42.0,5.0,4.0,1,0
1089,23279.0,0,8.0,0,1,1,37.0,2.0,3.0,1,0
1090,24715.0,0,14.0,0,1,1,29.0,4.0,5.0,0,0
1094,20473.0,0,15.0,0,1,1,40.0,1.0,5.0,1,0
1095,20207.0,1,34.0,0,1,1,33.0,2.0,3.0,1,0
1098,17368.0,1,14.0,0,1,1,28.0,4.0,3.0,1,0
1100,17430.0,0,34.0,1,0,0,35.0,1.0,3.0,0,0
1101,20878.0,0,11.0,0,1,1,32.0,4.0,4.0,0,0
1103,21439.0,0,22.0,0,1,1,48.0,1.0,3.0,0,0
1105,21392.0,0,14.0,0,1,1,33.0,3.0,5.0,1,0
1106,24714.0,0,6.0,0,1,1,30.0,2.0,5.0,1,1
1107,21077.0,0,16.0,0,1,1,38.0,4.0,3.0,1,0
1110,17074.0,1,8.0,1,0,0,35.0,2.0,5.0,0,1
1112,19855.0,0,10.0,0,1,1,38.0,5.0,4.0,1,1
1114,17367.0,0,21.0,1,0,0,48.0,1.0,5.0,0,0
1117,20484.0,0,6.0,0,1,1,34.0,1.0,3.0,1,0
1118,17061.0,0,9.0,1,0,0,26.0,2.0,3.0,0,0
1119,24924.0,0,20.0,0,1,1,38.0,1.0,4.0,1,0
1125,23853.0,0,8.0,0,1,1,29.0,2.0,3.0,1,0
1132,19639.0,0,17.0,0,1,1,40.0,2.0,5.0,0,0
1134,17690.0,0,13.0,1,0,0,35.0,2.0,3.0,1,0
1136,17408.0,1,30.0,1,0,0,28.0,2.0,4.0,1,1
1137,17814.0,1,32.0,1,0,0,22.0,2.0,3.0,0,0
1141,17141.0,0,13.0,1,0,0,30.0,2.0,4.0,1,0
1143,18600.0,0,23.0,0,1,1,45.0,2.0,5.0,1,0
1145,19663.0,1,6.0,0,1,1,36.0,1.0,3.0,0,0
1147,18211.0,0,31.0,1,0,0,49.0,2.0,5.0,0,0
1148,20377.0,0,16.0,0,1,1,39.0,3.0,5.0,1,0
1149,25245.0,0,25.0,1,0,0,37.0,2.0,5.0,1,0
1151,20208.0,0,33.0,0,1,1,28.0,1.0,5.0,0,0
1155,18069.0,0,9.0,0,1,1,39.0,1.0,3.0,1,0
1157,20067.0,0,14.0,0,1,1,34.0,2.0,3.0,0,0
1158,20768.0,0,25.0,0,1,1,37.0,4.0,3.0,1,0
1160,20770.0,0,8.0,0,1,1,45.0,2.0,3.0,0,0
1163,17328.0,0,16.0,1,0,0,35.0,2.0,4.0,0,0
1165,20743.0,1,6.0,0,1,1,44.0,5.0,3.0,1,0
1167,20440.0,1,21.0,0,1,1,35.0,7.0,3.0,1,1
1175,20295.0,0,18.0,0,1,1,39.0,5.0,4.0,1,0
1179,20433.0,0,9.0,0,1,1,34.0,2.0,4.0,0,0
1182,21271.0,0,11.0,0,1,1,36.0,1.0,3.0,0,0
1187,19735.0,0,29.0,0,1,1,38.0,1.0,3.0,1,0
1189,20505.0,0,8.0,0,1,1,33.0,2.0,3.0,1,0
1190,20470.0,0,8.0,0,1,1,32.0,1.0,4.0,1,0
1191,20476.0,0,11.0,0,1,1,31.0,2.0,3.0,0,0
1192,17587.0,1,22.0,1,0,0,49.0,5.0,5.0,0,0
1198,20368.0,1,22.0,0,1,1,33.0,2.0,3.0,0,0
1199,20347.0,0,32.0,0,1,1,36.0,7.0,3.0,1,0
1200,18195.0,1,6.0,1,0,0,44.0,5.0,3.0,0,0
1202,18306.0,0,10.0,1,0,0,38.0,1.0,3.0,0,0
1204,17655.0,1,13.0,1,0,0,48.0,3.0,3.0,0,1
1208,24392.0,0,11.0,0,1,1,26.0,2.0,3.0,1,0
1211,24525.0,0,6.0,0,1,1,37.0,2.0,3.0,1,0
1212,17929.0,0,25.0,1,0,0,34.0,2.0,3.0,0,0
1213,17275.0,1,13.0,1,0,0,23.0,2.0,3.0,1,1
1216,22847.0,1,8.0,0,1,1,43.0,2.0,3.0,1,0
1219,17974.0,0,15.0,1,0,0,29.0,1.0,3.0,0,0
1222,16555.0,0,28.0,1,0,0,24.0,2.0,3.0,1,1
1224,17305.0,0,23.0,1,0,0,26.0,2.0,3.0,1,0
1226,18433.0,0,16.0,1,0,0,34.0,7.0,3.0,1,0
1227,18477.0,0,8.0,1,0,0,36.0,2.0,3.0,1,0
1228,21430.0,0,10.0,0,1,1,41.0,7.0,4.0,1,0
1229,21516.0,1,14.0,0,1,1,40.0,3.0,5.0,0,0
1232,21883.0,0,33.0,0,1,1,35.0,3.0,3.0,1,0
1233,17862.0,0,22.0,1,0,0,30.0,2.0,3.0,1,0
1234,19978.0,0,8.0,0,1,1,47.0,1.0,4.0,1,0
1236,21134.0,1,19.0,0,1,1,36.0,6.0,5.0,1,1
1240,21472.0,1,6.0,0,1,1,39.0,2.0,3.0,1,0
1245,17145.0,0,16.0,1,0,0,24.0,1.0,3.0,1,0
1246,17180.0,0,14.0,1,0,0,30.0,7.0,3.0,0,1
1256,17468.0,0,8.0,1,0,0,38.0,5.0,4.0,0,0
1261,20811.0,1,24.0,0,1,1,38.0,4.0,3.0,1,0
1263,17766.0,0,18.0,1,0,0,42.0,1.0,4.0,1,0
1266,17289.0,0,15.0,1,0,0,41.0,2.0,5.0,1,0
1272,18702.0,0,12.0,1,0,0,36.0,2.0,3.0,0,0
1273,17398.0,1,14.0,1,0,0,22.0,2.0,5.0,0,1
1274,20468.0,0,35.0,0,1,1,31.0,2.0,3.0,0,0
1276,21212.0,0,15.0,0,1,1,46.0,2.0,4.0,1,0
1279,17342.0,1,6.0,1,0,0,44.0,2.0,4.0,1,1
1280,17176.0,0,14.0,0,1,1,35.0,3.0,4.0,1,0
1283,17044.0,0,6.0,1,0,0,28.0,2.0,3.0,1,0
1286,18377.0,0,8.0,1,0,0,51.0,5.0,5.0,0,0
1288,20762.0,0,8.0,0,1,1,35.0,3.0,3.0,1,0
1289,17592.0,0,8.0,1,0,0,38.0,6.0,4.0,1,0
1290,20346.0,0,15.0,0,1,1,34.0,5.0,5.0,1,1
1292,20582.0,0,26.0,0,1,1,49.0,3.0,3.0,1,0
1297,17148.0,1,26.0,1,0,0,26.0,1.0,4.0,0,1
1298,23926.0,0,27.0,0,1,1,46.0,5.0,4.0,0,1
1299,21513.0,0,6.0,0,1,1,40.0,5.0,3.0,0,0
1302,17705.0,0,29.0,1,0,0,35.0,1.0,3.0,1,0
1304,23865.0,0,34.0,0,1,1,40.0,3.0,5.0,0,0
1305,21854.0,0,13.0,0,1,1,54.0,5.0,3.0,0,0
1307,18591.0,0,6.0,1,0,0,51.0,2.0,5.0,0,0
1308,20405.0,1,8.0,0,1,1,38.0,3.0,3.0,0,0
1313,17335.0,1,19.0,1,0,0,29.0,5.0,5.0,1,1
1314,20154.0,0,8.0,0,1,1,45.0,5.0,3.0,0,0
1315,21962.0,1,8.0,0,1,1,36.0,5.0,4.0,0,0
1316,20675.0,0,8.0,0,1,1,43.0,2.0,3.0,1,0
1318,20126.0,0,26.0,1,0,0,41.0,2.0,3.0,1,0
1323,17706.0,0,6.0,1,0,0,28.0,2.0,3.0,1,0
1324,21384.0,0,35.0,0,1,1,29.0,1.0,3.0,1,0
1328,18540.0,0,29.0,0,1,1,46.0,2.0,3.0,0,0
1329,17804.0,0,12.0,1,0,0,29.0,2.0,4.0,1,0
1334,19774.0,0,7.0,1,0,0,27.0,1.0,5.0,0,0
1335,18447.0,0,25.0,0,1,1,41.0,1.0,3.0,1,0
1337,17856.0,0,9.0,1,0,0,28.0,2.0,4.0,0,0
1341,17543.0,0,26.0,0,1,1,38.0,2.0,3.0,1,0
1344,21736.0,1,20.0,0,1,1,37.0,6.0,5.0,1,0
1345,19788.0,1,16.0,0,1,1,35.0,1.0,4.0,0,0
1346,20906.0,0,31.0,0,1,1,45.0,1.0,3.0,0,0
1349,17933.0,1,6.0,1,0,0,26.0,2.0,3.0,0,0
1352,20033.0,0,6.0,0,1,1,44.0,3.0,5.0,1,0
1355,20507.0,0,23.0,0,1,1,36.0,3.0,4.0,1,0
1356,21861.0,0,29.0,0,1,1,41.0,6.0,4.0,0,0
1358,21583.0,1,16.0,0,1,1,31.0,3.0,3.0,0,0
1359,23103.0,1,9.0,0,1,1,34.0,4.0,3.0,0,0
1364,21834.0,1,6.0,0,1,1,28.0,2.0,3.0,1,0
1366,20736.0,0,27.0,0,1,1,39.0,7.0,3.0,0,0
1368,20747.0,1,28.0,0,1,1,34.0,2.0,3.0,1,0
1372,20151.0,0,15.0,0,1,1,39.0,2.0,5.0,1,0
1373,17133.0,1,14.0,0,1,1,38.0,2.0,4.0,0,0
1376,19771.0,0,7.0,1,0,0,38.0,3.0,3.0,1,0
1378,20087.0,1,18.0,0,1,1,42.0,4.0,3.0,1,0
1379,17863.0,0,28.0,1,0,0,27.0,2.0,4.0,0,1
1380,17144.0,0,24.0,0,1,1,35.0,1.0,5.0,1,0
1382,18065.0,1,9.0,1,0,0,31.0,2.0,5.0,1,0
1387,20373.0,0,6.0,0,1,1,29.0,1.0,5.0,1,0
1388,21667.0,0,21.0,0,1,1,32.0,6.0,3.0,0,0
1389,20003.0,0,6.0,0,1,1,31.0,2.0,5.0,1,0
1392,20204.0,1,13.0,0,1,1,35.0,2.0,3.0,0,0
1395,20617.0,1,32.0,0,1,1,31.0,2.0,3.0,1,1
1397,17897.0,0,15.0,0,1,1,54.0,4.0,3.0,0,0
1398,20968.0,0,13.0,0,1,1,33.0,2.0,3.0,1,0
1400,17991.0,1,6.0,1,0,0,38.0,1.0,4.0,1,0
1402,16129.0,1,8.0,1,0,0,31.0,2.0,3.0,0,0
1410,20677.0,0,8.0,0,1,1,40.0,4.0,4.0,0,0
1411,17187.0,0,8.0,1,0,0,25.0,5.0,4.0,0,0
1415,17008.0,0,6.0,1,0,0,33.0,2.0,3.0,1,0
1416,17033.0,0,16.0,0,1,1,38.0,1.0,4.0,1,0
1417,18067.0,0,8.0,1,0,0,31.0,1.0,3.0,1,0
1418,20321.0,0,12.0,0,1,1,38.0,3.0,3.0,1,0
1419,20410.0,1,24.0,0,1,1,42.0,7.0,5.0,1,0
1420,17782.0,0,6.0,1,0,0,41.0,4.0,3.0,1,0
1422,17660.0,1,17.0,1,0,0,35.0,1.0,3.0,1,0
1425,19878.0,1,28.0,0,1,1,33.0,1.0,3.0,0,0
1427,17406.0,0,6.0,1,0,0,40.0,1.0,3.0,1,0
1428,17269.0,0,6.0,1,0,0,32.0,1.0,4.0,1,0
1433,19907.0,1,14.0,0,1,1,25.0,1.0,3.0,0,0
1438,16790.0,0,15.0,1,0,0,23.0,2.0,5.0,1,1
1440,20131.0,0,10.0,0,1,1,36.0,1.0,4.0,0,0
1442,19787.0,1,12.0,1,0,0,29.0,1.0,3.0,1,1
1446,21712.0,0,34.0,0,1,1,34.0,2.0,3.0,0,0
1447,20406.0,0,21.0,0,1,1,36.0,2.0,3.0,1,0
1448,23938.0,0,9.0,0,1,1,41.0,3.0,4.0,1,0
1451,20343.0,0,16.0,0,1,1,38.0,2.0,3.0,0,0
1452,21728.0,0,6.0,0,1,1,50.0,1.0,3.0,1,1
1453,21652.0,0,17.0,0,1,1,36.0,5.0,3.0,0,0
1456,20689.0,1,24.0,0,1,1,35.0,2.0,3.0,1,0
1457,17001.0,0,8.0,1,0,0,40.0,3.0,3.0,0,0
1458,17977.0,0,6.0,1,0,0,35.0,2.0,3.0,0,0
1459,20562.0,1,19.0,0,1,1,40.0,5.0,4.0,1,0
1468,20390.0,0,8.0,0,1,1,49.0,3.0,4.0,1,0
1471,20130.0,0,14.0,0,1,1,49.0,2.0,4.0,1,0
1473,17909.0,1,9.0,1,0,0,33.0,2.0,3.0,0,0
1474,18468.0,0,8.0,1,0,0,35.0,1.0,4.0,1,0
1477,17693.0,0,30.0,1,0,0,30.0,2.0,3.0,1,0
1479,20237.0,0,33.0,0,1,1,36.0,7.0,3.0,1,0
1482,17911.0,0,32.0,1,0,0,31.0,2.0,3.0,1,0
1483,17661.0,0,25.0,1,0,0,34.0,1.0,3.0,1,0
1497,21825.0,0,14.0,0,1,1,42.0,1.0,4.0,1,0
1501,21465.0,1,16.0,0,1,1,44.0,3.0,3.0,1,0
1504,17293.0,1,6.0,1,0,0,24.0,3.0,3.0,1,1
1506,17683.0,1,9.0,1,0,0,50.0,2.0,3.0,1,1
1507,17014.0,0,8.0,1,0,0,35.0,2.0,3.0,0,0
1508,18419.0,1,11.0,1,0,0,32.0,1.0,5.0,0,0
1510,16951.0,0,10.0,1,0,0,35.0,2.0,3.0,1,0
1511,17341.0,0,8.0,1,0,0,27.0,2.0,5.0,0,0
1517,18022.0,0,25.0,1,0,0,37.0,5.0,4.0,1,0
1522,20454.0,1,6.0,0,1,1,44.0,6.0,5.0,0,0
1527,17450.0,1,29.0,1,0,0,35.0,4.0,5.0,0,0
1528,20915.0,0,13.0,0,1,1,31.0,4.0,3.0,1,0
1529,20993.0,0,6.0,0,1,1,37.0,2.0,3.0,1,0
1530,21162.0,1,6.0,0,1,1,32.0,2.0,3.0,1,0
1538,17194.0,0,6.0,1,0,0,35.0,5.0,5.0,1,0
1539,18388.0,1,15.0,1,0,0,42.0,1.0,3.0,1,1
1541,17703.0,0,8.0,1,0,0,29.0,1.0,4.0,1,0
1543,21220.0,0,6.0,0,1,1,32.0,2.0,4.0,1,0
1549,20021.0,1,11.0,0,1,1,46.0,1.0,4.0,1,0
1550,20126.0,1,6.0,0,1,1,30.0,2.0,3.0,1,0
1553,20329.0,1,12.0,0,1,1,38.0,1.0,3.0,0,0
1557,17075.0,0,15.0,1,0,0,51.0,4.0,3.0,1,0
1562,20209.0,1,10.0,0,1,1,30.0,2.0,4.0,0,0
1566,19999.0,0,9.0,0,1,1,24.0,1.0,3.0,0,0
1569,17042.0,0,29.0,0,1,1,44.0,5.0,4.0,1,0
1570,17073.0,1,12.0,1,0,0,37.0,5.0,5.0,1,1
1574,20163.0,0,8.0,0,1,1,37.0,6.0,3.0,1,0
1578,17889.0,0,13.0,1,0,0,25.0,2.0,3.0,1,0
1583,17774.0,0,24.0,1,0,0,24.0,1.0,3.0,1,0
1584,19505.0,0,7.0,0,1,1,34.0,7.0,4.0,0,0
1588,17835.0,0,9.0,1,0,0,36.0,6.0,3.0,0,0
1590,17613.0,0,29.0,1,0,0,30.0,2.0,3.0,1,0
1591,21146.0,0,28.0,0,1,1,33.0,1.0,4.0,1,0
1594,21172.0,1,12.0,0,1,1,31.0,5.0,3.0,1,1
1595,17368.0,0,12.0,1,0,0,26.0,2.0,4.0,0,0
1599,21567.0,0,26.0,0,1,1,49.0,2.0,5.0,0,0
1602,19559.0,1,30.0,0,1,1,31.0,4.0,3.0,0,1
1604,17942.0,0,31.0,1,0,0,26.0,2.0,3.0,0,0
1605,19941.0,0,12.0,0,1,1,36.0,7.0,4.0,1,0
1607,20902.0,0,10.0,0,1,1,39.0,5.0,3.0,0,0
1608,23639.0,0,34.0,0,1,1,25.0,3.0,3.0,1,0
1609,21347.0,1,15.0,0,1,1,30.0,1.0,3.0,1,0
1614,19668.0,0,19.0,0,1,1,32.0,1.0,3.0,1,0
1618,17238.0,0,15.0,1,0,0,41.0,3.0,5.0,1,0
1620,20605.0,0,32.0,0,1,1,40.0,2.0,4.0,0,0
1622,17306.0,1,12.0,0,1,1,53.0,3.0,3.0,1,0
1623,17348.0,0,15.0,0,1,1,45.0,1.0,4.0,1,0
1626,21132.0,0,13.0,0,1,1,51.0,3.0,3.0,1,0
1629,17231.0,0,8.0,1,0,0,34.0,7.0,3.0,0,0
1630,17323.0,0,25.0,1,0,0,22.0,2.0,3.0,1,0
1631,17024.0,0,15.0,1,0,0,27.0,7.0,4.0,1,0
1632,17713.0,0,27.0,1,0,0,28.0,2.0,3.0,1,0
1634,17566.0,1,9.0,1,0,0,27.0,2.0,3.0,1,0
1636,17451.0,0,20.0,1,0,0,41.0,5.0,3.0,1,0
1643,18072.0,0,15.0,0,1,1,30.0,2.0,5.0,1,0
1644,20006.0,1,10.0,0,1,1,45.0,5.0,5.0,0,0
1653,18690.0,0,6.0,1,0,0,30.0,3.0,3.0,1,0
1655,17756.0,0,20.0,1,0,0,33.0,2.0,4.0,0,0
1658,24547.0,0,8.0,0,1,1,34.0,2.0,3.0,1,0
1662,20916.0,1,29.0,0,1,1,35.0,4.0,3.0,1,1
1667,20265.0,0,27.0,0,1,1,42.0,3.0,3.0,0,0
1668,21553.0,0,8.0,0,1,1,38.0,1.0,3.0,1,0
1671,21804.0,1,24.0,0,1,1,49.0,2.0,3.0,1,0
1672,25973.0,1,16.0,1,0,0,25.0,2.0,3.0,1,0
1673,17741.0,1,25.0,0,1,1,40.0,1.0,3.0,1,0
1674,21673.0,1,35.0,0,1,1,38.0,1.0,5.0,1,1
1678,19876.0,0,15.0,0,1,1,40.0,1.0,3.0,1,0
1689,20940.0,0,9.0,0,1,1,54.0,3.0,5.0,0,0
1691,17622.0,0,10.0,1,0,0,33.0,7.0,4.0,0,0
1694,23122.0,0,11.0,0,1,1,31.0,1.0,3.0,1,0
1696,17793.0,0,10.0,1,0,0,37.0,5.0,3.0,1,0
1704,17436.0,1,20.0,1,0,0,33.0,6.0,3.0,1,1
1706,17707.0,0,8.0,1,0,0,33.0,1.0,5.0,0,1
1708,25474.0,0,10.0,1,0,0,27.0,3.0,4.0,0,0
1710,17232.0,0,6.0,1,0,0,39.0,1.0,3.0,0,0
1711,22936.0,0,6.0,0,1,1,32.0,1.0,3.0,1,0
1712,18072.0,0,25.0,0,1,1,41.0,3.0,5.0,1,0
1716,17911.0,0,11.0,1,0,0,33.0,2.0,3.0,0,0
1717,20957.0,0,8.0,0,1,1,34.0,7.0,5.0,1,0
1718,23236.0,0,6.0,1,0,0,29.0,3.0,5.0,0,0
1724,21931.0,0,26.0,0,1,1,29.0,3.0,3.0,1,0
1725,19898.0,0,17.0,0,1,1,25.0,1.0,3.0,0,0
1726,17593.0,1,8.0,1,0,0,42.0,1.0,5.0,0,0
1728,17723.0,0,6.0,1,0,0,51.0,2.0,3.0,1,0
1731,20249.0,0,8.0,0,1,1,38.0,4.0,3.0,1,0
1735,21644.0,0,8.0,0,1,1,29.0,3.0,4.0,1,0
1736,20582.0,0,29.0,0,1,1,31.0,1.0,3.0,1,0
1739,18210.0,0,12.0,1,0,0,36.0,1.0,3.0,1,0
1742,17070.0,0,15.0,1,0,0,28.0,2.0,3.0,1,0
1743,21502.0,0,12.0,0,1,1,37.0,5.0,3.0,1,0
1748,21397.0,0,6.0,0,1,1,26.0,2.0,4.0,0,0
1751,19907.0,0,6.0,0,1,1,42.0,2.0,3.0,1,0
1754,19741.0,1,19.0,0,1,1,26.0,2.0,5.0,1,0
1756,18161.0,1,30.0,1,0,0,44.0,4.0,3.0,1,1
1757,20745.0,0,29.0,0,1,1,38.0,1.0,3.0,1,0
1758,17373.0,1,22.0,1,0,0,26.0,3.0,4.0,1,1
1762,17789.0,0,11.0,1,0,0,31.0,2.0,4.0,0,0
1764,17326.0,1,15.0,1,0,0,37.0,2.0,3.0,1,0
1769,20482.0,0,8.0,0,1,1,51.0,6.0,4.0,1,0
1775,20674.0,0,30.0,0,1,1,36.0,1.0,4.0,0,0
1776,20484.0,0,13.0,0,1,1,32.0,2.0,3.0,1,0
1780,21410.0,0,8.0,0,1,1,31.0,4.0,5.0,1,0
1782,17695.0,1,8.0,1,0,0,31.0,1.0,3.0,1,0
1787,19941.0,0,14.0,0,1,1,52.0,3.0,4.0,1,1
1791,22547.0,0,13.0,0,1,1,31.0,5.0,3.0,1,0
1793,18464.0,1,8.0,1,0,0,23.0,6.0,3.0,1,1
1794,20775.0,0,34.0,0,1,1,30.0,2.0,3.0,0,0
1797,20238.0,1,9.0,0,1,1,39.0,5.0,3.0,0,1
1800,20257.0,0,16.0,0,1,1,43.0,2.0,3.0,0,0
1801,21349.0,1,6.0,0,1,1,27.0,1.0,4.0,1,0
1804,18697.0,0,14.0,0,1,1,38.0,1.0,3.0,1,0
1805,22457.0,1,6.0,0,1,1,40.0,3.0,3.0,1,0
1806,17119.0,1,14.0,1,0,0,29.0,2.0,5.0,1,1
1808,21118.0,0,11.0,0,1,1,30.0,2.0,3.0,0,0
1809,21214.0,0,14.0,0,1,1,27.0,2.0,4.0,0,0
1810,21347.0,0,11.0,0,1,1,37.0,1.0,3.0,1,0
1813,23268.0,1,16.0,0,1,1,29.0,2.0,4.0,0,0
1815,17904.0,0,32.0,1,0,0,23.0,2.0,3.0,1,0
1819,19649.0,0,22.0,0,1,1,29.0,2.0,3.0,1,0
1821,17370.0,0,8.0,1,0,0,32.0,2.0,4.0,0,0
1825,20296.0,0,6.0,0,1,1,26.0,2.0,3.0,1,0
1834,18452.0,0,16.0,1,0,0,26.0,7.0,5.0,0,0
1835,20258.0,0,13.0,0,1,1,46.0,3.0,3.0,0,0
1838,21380.0,1,28.0,0,1,1,40.0,3.0,3.0,1,1
1847,17543.0,0,8.0,1,0,0,36.0,5.0,3.0,0,0
1850,25330.0,1,28.0,0,1,1,24.0,2.0,3.0,0,0
1853,17244.0,0,17.0,1,0,0,22.0,2.0,4.0,0,0
1856,18034.0,0,20.0,1,0,0,37.0,2.0,5.0,0,0
1857,20715.0,0,8.0,0,1,1,40.0,1.0,4.0,0,0
1858,17576.0,0,6.0,1,0,0,42.0,4.0,5.0,0,0
1861,18448.0,0,8.0,0,1,1,49.0,7.0,3.0,0,0
1863,21538.0,0,10.0,0,1,1,34.0,1.0,3.0,0,0
1864,22386.0,0,7.0,0,1,1,31.0,2.0,5.0,0,0
1865,17258.0,0,27.0,1,0,0,43.0,1.0,3.0,1,0
1866,19522.0,1,14.0,0,1,1,43.0,5.0,3.0,0,0
1868,17571.0,1,8.0,0,1,1,37.0,4.0,3.0,0,0
1869,17218.0,0,6.0,1,0,0,31.0,2.0,5.0,1,0
1874,19558.0,0,10.0,0,1,1,28.0,2.0,5.0,1,0
1877,17654.0,0,16.0,1,0,0,45.0,4.0,3.0,1,0
1879,19556.0,0,9.0,0,1,1,42.0,3.0,3.0,0,0
1882,19810.0,0,7.0,0,1,1,46.0,3.0,3.0,0,0
1885,17351.0,0,12.0,1,0,0,34.0,1.0,3.0,0,1
1886,16702.0,1,8.0,1,0,0,38.0,2.0,3.0,1,0
1888,17886.0,0,29.0,1,0,0,26.0,2.0,3.0,0,0
1889,17097.0,0,9.0,1,0,0,30.0,5.0,3.0,1,0
1898,20070.0,0,8.0,0,1,1,47.0,6.0,3.0,0,0
1902,17768.0,0,8.0,1,0,0,34.0,4.0,3.0,1,0
1911,17093.0,0,11.0,1,0,0,42.0,5.0,3.0,1,0
1914,18339.0,0,8.0,0,1,1,51.0,3.0,3.0,0,0
1917,19717.0,0,8.0,0,1,1,35.0,1.0,3.0,1,0
1919,20821.0,0,14.0,1,0,0,37.0,2.0,3.0,0,0
1922,19805.0,0,33.0,0,1,1,45.0,1.0,4.0,1,0
1923,17741.0,1,23.0,1,0,0,26.0,1.0,3.0,0,1
1930,23533.0,0,12.0,0,1,1,26.0,6.0,3.0,1,0
1940,17400.0,0,30.0,1,0,0,24.0,1.0,3.0,1,0
1941,24824.0,0,16.0,0,1,1,38.0,4.0,3.0,0,0
1942,21447.0,0,6.0,0,1,1,37.0,7.0,4.0,0,0
1945,21272.0,0,34.0,0,1,1,26.0,2.0,4.0,1,0
1946,17127.0,0,23.0,1,0,0,24.0,2.0,4.0,1,0
1948,17096.0,0,19.0,1,0,0,25.0,2.0,3.0,1,0
1949,17886.0,1,13.0,1,0,0,24.0,2.0,3.0,0,1
1950,17033.0,0,18.0,1,0,0,30.0,2.0,5.0,1,1
1951,18622.0,1,6.0,1,0,0,30.0,2.0,3.0,1,0
1952,21017.0,0,7.0,0,1,1,31.0,3.0,5.0,1,1
1955,17187.0,0,12.0,1,0,0,27.0,1.0,3.0,0,0
1956,24602.0,1,8.0,0,1,1,37.0,5.0,3.0,1,0
1958,27152.0,0,8.0,0,1,1,41.0,2.0,3.0,0,0
1961,20679.0,1,15.0,0,1,1,43.0,4.0,3.0,1,0
1965,18041.0,0,8.0,1,0,0,27.0,1.0,5.0,1,1
1968,17773.0,0,12.0,1,0,0,22.0,1.0,3.0,1,0
1969,22104.0,0,14.0,0,1,1,33.0,1.0,3.0,1,0
1970,21322.0,1,15.0,0,1,1,32.0,2.0,3.0,0,0
1971,17083.0,0,9.0,1,0,0,30.0,2.0,3.0,0,0
1973,17691.0,0,6.0,1,0,0,34.0,2.0,3.0,1,0
1974,20952.0,0,7.0,0,1,1,45.0,3.0,5.0,0,1
1975,17659.0,1,12.0,1,0,0,26.0,2.0,3.0,0,0
1977,20561.0,0,9.0,0,1,1,29.0,2.0,3.0,0,0
1979,22725.0,0,12.0,0,1,1,33.0,4.0,3.0,1,0
1981,23847.0,1,15.0,0,1,1,36.0,3.0,4.0,1,0
1985,16281.0,0,9.0,1,0,0,35.0,2.0,3.0,1,0
1989,17720.0,0,6.0,1,0,0,29.0,2.0,3.0,1,0
2009,17143.0,0,14.0,1,0,0,33.0,1.0,4.0,1,0
2015,20304.0,0,33.0,0,1,1,30.0,1.0,3.0,1,0
2018,21804.0,0,21.0,0,1,1,43.0,4.0,3.0,1,0
2020,17500.0,0,15.0,1,0,0,23.0,2.0,5.0,1,0
2025,17297.0,0,16.0,1,0,0,29.0,2.0,4.0,1,0
2027,20093.0,0,8.0,0,1,1,35.0,3.0,5.0,0,0
2028,20309.0,0,30.0,0,1,1,32.0,2.0,3.0,1,0
2029,18057.0,1,8.0,1,0,0,38.0,7.0,3.0,1,0
2030,20121.0,0,14.0,0,1,1,34.0,4.0,5.0,0,0
2040,25025.0,0,26.0,1,0,0,52.0,1.0,3.0,1,0
2041,22715.0,0,6.0,1,0,0,26.0,4.0,3.0,0,0
2042,21804.0,0,9.0,0,1,1,29.0,5.0,3.0,0,0
2045,20485.0,1,25.0,0,1,1,54.0,1.0,5.0,0,0
2047,17782.0,1,16.0,1,0,0,37.0,1.0,5.0,0,0
2050,17572.0,0,14.0,1,0,0,35.0,2.0,3.0,0,0
2051,21534.0,0,6.0,1,0,0,37.0,4.0,3.0,1,0
2053,21500.0,0,14.0,0,1,1,34.0,6.0,5.0,0,0
2056,17694.0,0,15.0,1,0,0,24.0,2.0,4.0,1,0
2057,18149.0,0,17.0,0,1,1,52.0,1.0,3.0,0,0
2059,17319.0,1,6.0,1,0,0,29.0,2.0,5.0,0,1
2063,20228.0,0,6.0,0,1,1,36.0,1.0,4.0,0,0
2067,21062.0,1,6.0,0,1,1,42.0,1.0,3.0,0,0
2069,17143.0,0,19.0,1,0,0,36.0,5.0,4.0,1,0
2070,21162.0,0,10.0,0,1,1,32.0,2.0,3.0,0,0
2075,21288.0,0,18.0,0,1,1,38.0,3.0,5.0,1,0
2082,19779.0,1,17.0,0,1,1,28.0,2.0,4.0,0,0
2083,22972.0,0,9.0,1,0,0,29.0,1.0,3.0,1,0
2084,17366.0,1,11.0,1,0,0,26.0,2.0,3.0,0,1
2085,16706.0,0,9.0,1,0,0,27.0,2.0,3.0,1,0
2091,21201.0,1,6.0,0,1,1,36.0,2.0,3.0,1,0
2092,23125.0,0,16.0,0,1,1,32.0,3.0,3.0,1,0
2093,19941.0,0,11.0,1,0,0,34.0,1.0,3.0,1,0
2098,21334.0,0,22.0,0,1,1,37.0,5.0,3.0,1,0
2099,19936.0,0,14.0,1,0,0,28.0,2.0,3.0,1,0
2100,19775.0,0,16.0,0,1,1,22.0,7.0,3.0,1,0
2103,17342.0,0,14.0,1,0,0,36.0,1.0,5.0,1,0
2104,20691.0,1,9.0,0,1,1,35.0,2.0,5.0,1,0
2106,17022.0,1,31.0,1,0,0,35.0,2.0,4.0,0,1
2107,17314.0,0,6.0,1,0,0,32.0,1.0,3.0,1,0
2108,22126.0,0,13.0,0,1,1,25.0,2.0,5.0,1,0
2110,18162.0,0,10.0,1,0,0,24.0,1.0,3.0,1,0
2111,21524.0,0,11.0,0,1,1,32.0,2.0,4.0,1,0
2112,17899.0,0,15.0,1,0,0,38.0,1.0,4.0,1,0
2114,17356.0,1,17.0,1,0,0,31.0,4.0,3.0,1,0
2115,17800.0,1,6.0,1,0,0,29.0,7.0,3.0,0,1
2118,17973.0,0,27.0,1,0,0,37.0,6.0,3.0,0,0
2120,20562.0,0,6.0,0,1,1,43.0,5.0,3.0,0,0
2121,19537.0,1,21.0,0,1,1,47.0,1.0,3.0,0,0
2124,20204.0,0,8.0,0,1,1,39.0,1.0,3.0,0,0
2125,17277.0,1,9.0,1,0,0,33.0,4.0,4.0,1,0
2127,17532.0,0,13.0,1,0,0,29.0,7.0,3.0,0,0
2128,17559.0,1,15.0,1,0,0,44.0,2.0,5.0,1,0
2131,19765.0,0,13.0,0,1,1,43.0,5.0,4.0,0,0
2134,21586.0,1,20.0,0,1,1,36.0,1.0,3.0,1,0
2137,17778.0,1,8.0,1,0,0,41.0,5.0,3.0,0,1
2138,17377.0,0,15.0,1,0,0,28.0,6.0,3.0,0,0
2139,17404.0,1,12.0,1,0,0,39.0,1.0,5.0,1,1
2141,17008.0,0,16.0,1,0,0,34.0,2.0,4.0,1,0
2145,17329.0,0,13.0,1,0,0,31.0,4.0,3.0,1,0
2148,17259.0,0,26.0,1,0,0,48.0,5.0,3.0,1,0
2149,21932.0,0,26.0,0,1,1,31.0,2.0,3.0,0,0
2152,17332.0,0,6.0,1,0,0,32.0,7.0,4.0,0,0
2153,17413.0,1,25.0,1,0,0,25.0,2.0,4.0,1,1
2160,20855.0,1,18.0,0,1,1,31.0,1.0,3.0,0,0
2161,18617.0,1,15.0,1,0,0,50.0,1.0,4.0,1,0
2162,21725.0,0,9.0,0,1,1,32.0,2.0,5.0,0,0
2168,19601.0,0,13.0,0,1,1,35.0,2.0,3.0,0,0
2183,17270.0,0,6.0,1,0,0,45.0,4.0,3.0,0,0
2188,18633.0,1,29.0,0,1,1,27.0,2.0,5.0,1,0
2190,17132.0,1,28.0,1,0,0,30.0,5.0,3.0,0,1
2192,17684.0,0,16.0,1,0,0,38.0,1.0,3.0,1,0
2194,21529.0,0,7.0,0,1,1,24.0,2.0,3.0,0,0
2195,17307.0,1,20.0,1,0,0,32.0,2.0,4.0,1,1
2196,19901.0,0,6.0,0,1,1,29.0,2.0,5.0,0,0
2204,17451.0,0,14.0,1,0,0,22.0,2.0,5.0,1,0
2209,17642.0,0,8.0,0,1,1,27.0,1.0,3.0,0,0
2210,23392.0,0,16.0,1,0,0,45.0,2.0,3.0,1,0
2212,17380.0,0,15.0,1,0,0,50.0,5.0,3.0,1,0
2214,19777.0,0,14.0,0,1,1,37.0,6.0,4.0,0,1
2215,21385.0,1,24.0,0,1,1,55.0,4.0,4.0,1,0
2221,21347.0,0,6.0,0,1,1,50.0,1.0,3.0,0,0
2231,19834.0,0,9.0,0,1,1,36.0,1.0,3.0,1,1
2232,17042.0,1,8.0,1,0,0,26.0,7.0,5.0,1,1
2233,17220.0,1,16.0,1,0,0,34.0,2.0,3.0,0,0
2234,16052.0,0,16.0,1,0,0,28.0,2.0,4.0,1,0
2235,17821.0,0,9.0,1,0,0,38.0,4.0,3.0,1,0
2238,23396.0,0,32.0,0,1,1,40.0,2.0,5.0,1,0
2239,17007.0,0,6.0,1,0,0,26.0,2.0,3.0,0,0
2248,19615.0,1,7.0,0,1,1,46.0,1.0,5.0,0,0
2249,17461.0,1,10.0,1,0,0,51.0,1.0,3.0,1,1
2251,18681.0,0,6.0,1,0,0,24.0,2.0,5.0,1,0
2252,24957.0,0,26.0,0,1,1,30.0,1.0,5.0,1,0
2256,19621.0,0,17.0,1,0,0,27.0,2.0,3.0,1,0
2263,17207.0,0,21.0,1,0,0,28.0,2.0,3.0,1,0
2265,21694.0,1,16.0,0,1,1,37.0,3.0,3.0,0,0
2267,17377.0,0,27.0,1,0,0,26.0,2.0,3.0,1,1
2270,17596.0,0,6.0,1,0,0,28.0,2.0,4.0,1,1
2272,19539.0,0,31.0,0,1,1,33.0,1.0,4.0,0,0
2273,17979.0,0,9.0,1,0,0,34.0,4.0,3.0,1,0
2275,20593.0,0,15.0,0,1,1,45.0,2.0,3.0,0,0
2278,17514.0,0,34.0,1,0,0,29.0,5.0,3.0,0,0
2289,18201.0,0,8.0,1,0,0,28.0,1.0,4.0,1,0
2290,19968.0,0,17.0,0,1,1,35.0,2.0,3.0,1,0
2293,18291.0,0,16.0,1,0,0,29.0,1.0,4.0,0,0
2295,20056.0,1,14.0,0,1,1,29.0,2.0,3.0,1,0
2297,17703.0,1,12.0,1,0,0,28.0,2.0,3.0,1,0
2300,19766.0,1,9.0,1,0,0,41.0,4.0,3.0,1,0
2301,17610.0,0,21.0,1,0,0,31.0,2.0,3.0,1,1
2302,20731.0,0,31.0,0,1,1,37.0,1.0,3.0,0,0
2303,17539.0,0,12.0,1,0,0,27.0,2.0,3.0,1,0
2304,20714.0,0,15.0,0,1,1,34.0,2.0,3.0,0,0
2310,17258.0,0,6.0,1,0,0,35.0,7.0,3.0,1,0
2312,17515.0,1,18.0,1,0,0,28.0,2.0,3.0,0,1
2314,21578.0,0,16.0,0,1,1,30.0,2.0,3.0,1,0
2318,17376.0,0,10.0,1,0,0,35.0,2.0,3.0,1,0
2320,17827.0,0,8.0,1,0,0,32.0,2.0,5.0,0,0
2322,18131.0,0,12.0,1,0,0,29.0,2.0,3.0,0,0
2324,24740.0,1,20.0,1,0,0,45.0,5.0,3.0,0,0
2325,21474.0,0,7.0,0,1,1,37.0,2.0,3.0,0,0
2329,17168.0,1,21.0,1,0,0,29.0,1.0,3.0,0,0
2330,17853.0,1,9.0,1,0,0,22.0,1.0,3.0,1,1
2333,18600.0,0,8.0,1,0,0,38.0,2.0,3.0,1,0
2334,17107.0,0,11.0,1,0,0,41.0,7.0,5.0,1,1
2335,17093.0,0,35.0,0,1,1,34.0,1.0,5.0,1,0
2336,21500.0,0,17.0,0,1,1,40.0,6.0,4.0,1,0
2338,18196.0,0,25.0,1,0,0,28.0,2.0,5.0,1,0
2340,23966.0,1,23.0,0,1,1,35.0,4.0,5.0,1,0
2341,17210.0,0,23.0,1,0,0,24.0,2.0,4.0,0,1
2342,19539.0,0,8.0,0,1,1,33.0,2.0,3.0,0,0
2343,17741.0,0,12.0,1,0,0,36.0,2.0,3.0,1,0
2344,18491.0,0,13.0,0,1,1,30.0,2.0,3.0,1,0
2350,17743.0,0,19.0,1,0,0,32.0,2.0,4.0,0,0
2353,17781.0,0,15.0,1,0,0,33.0,1.0,3.0,1,0
2356,18579.0,1,7.0,1,0,0,51.0,1.0,4.0,1,0
2359,17235.0,1,20.0,1,0,0,27.0,2.0,5.0,1,0
2363,20810.0,0,7.0,1,0,0,39.0,2.0,3.0,0,0
2365,21833.0,1,17.0,0,1,1,31.0,2.0,5.0,1,0
2376,17585.0,0,13.0,0,1,1,34.0,2.0,3.0,1,1
2381,16118.0,0,9.0,1,0,0,25.0,5.0,5.0,1,1
2385,17625.0,1,24.0,0,1,1,21.0,1.0,3.0,0,1
2396,25231.0,1,8.0,1,0,0,43.0,7.0,3.0,1,1
2409,19883.0,0,24.0,0,1,1,32.0,5.0,4.0,1,1
2410,25489.0,1,30.0,1,0,0,47.0,2.0,4.0,1,1
2413,18423.0,1,21.0,0,1,1,49.0,7.0,3.0,1,1
2417,23446.0,1,13.0,1,0,0,52.0,3.0,3.0,0,1
2419,19534.0,1,26.0,1,0,0,39.0,2.0,3.0,1,1
2420,24852.0,0,28.0,1,0,0,31.0,2.0,3.0,1,1
2422,17302.0,1,19.0,0,1,1,31.0,6.0,5.0,1,1
2431,26631.0,1,14.0,1,0,0,35.0,2.0,4.0,1,1
2433,21893.0,0,15.0,0,1,1,38.0,5.0,5.0,1,1
2435,18669.0,1,26.0,1,0,0,33.0,1.0,4.0,0,1
2438,19639.0,1,14.0,1,0,0,36.0,5.0,5.0,1,1
2445,23808.0,0,15.0,0,1,1,50.0,3.0,4.0,1,0
2447,21587.0,1,10.0,1,0,0,34.0,3.0,3.0,0,0
2448,22146.0,0,9.0,1,0,0,28.0,2.0,4.0,1,0
2451,21371.0,0,31.0,1,0,0,31.0,3.0,3.0,1,0
2454,21104.0,0,23.0,1,0,0,36.0,2.0,4.0,1,0
2456,21589.0,0,33.0,1,0,0,32.0,3.0,3.0,1,0
2457,21339.0,0,26.0,1,0,0,35.0,2.0,3.0,1,0
2460,21976.0,1,12.0,1,0,0,33.0,2.0,4.0,1,0
2461,21613.0,1,23.0,1,0,0,23.0,3.0,3.0,1,0
2464,22689.0,0,18.0,0,1,1,25.0,2.0,3.0,0,0
2471,25503.0,0,15.0,0,1,1,43.0,2.0,4.0,1,0
2475,25143.0,1,17.0,0,1,1,45.0,4.0,3.0,1,0
2478,20971.0,1,7.0,1,0,0,25.0,4.0,3.0,1,1
2479,21323.0,0,9.0,1,0,0,44.0,3.0,3.0,0,0
2480,21361.0,1,10.0,1,0,0,51.0,3.0,3.0,1,1
2481,20692.0,0,9.0,1,0,0,36.0,3.0,3.0,0,0
2483,24054.0,0,7.0,0,1,1,34.0,4.0,5.0,0,0
2484,20629.0,0,11.0,1,0,0,36.0,3.0,3.0,1,0
2485,21019.0,0,9.0,1,0,0,28.0,3.0,5.0,0,0
2491,21700.0,0,26.0,1,0,0,38.0,6.0,4.0,1,0
2493,20947.0,0,15.0,1,0,0,36.0,3.0,3.0,1,0
2496,24132.0,1,7.0,0,1,1,45.0,7.0,5.0,0,0
2498,22835.0,1,30.0,0,1,1,27.0,2.0,3.0,0,0
2501,22692.0,1,30.0,1,0,0,36.0,5.0,5.0,0,0
2502,24593.0,0,14.0,0,1,1,32.0,5.0,3.0,1,0
2503,24671.0,0,7.0,0,1,1,38.0,3.0,3.0,1,0
2504,24840.0,1,7.0,0,1,1,33.0,3.0,3.0,1,0
2512,20872.0,0,7.0,1,0,0,36.0,6.0,5.0,1,0
2513,22066.0,1,16.0,1,0,0,37.0,2.0,3.0,1,1
2515,21381.0,0,9.0,1,0,0,30.0,2.0,4.0,1,0
2517,24898.0,0,7.0,0,1,1,33.0,3.0,4.0,1,0
2518,21716.0,0,13.0,0,1,1,37.0,5.0,3.0,0,0
2523,23699.0,1,12.0,0,1,1,47.0,2.0,4.0,1,0
2524,23804.0,1,7.0,0,1,1,31.0,3.0,3.0,1,0
2528,23003.0,0,7.0,0,1,1,35.0,3.0,4.0,1,0
2531,20753.0,0,16.0,1,0,0,52.0,5.0,3.0,1,0
2532,22830.0,0,9.0,0,1,1,31.0,3.0,3.0,1,0
2536,23887.0,1,11.0,0,1,1,31.0,3.0,4.0,0,0
2540,23677.0,0,10.0,0,1,1,25.0,2.0,3.0,0,0
2541,22899.0,0,11.0,0,1,1,29.0,3.0,3.0,1,0
2543,20720.0,0,30.0,0,1,1,45.0,6.0,4.0,1,0
2544,20751.0,1,13.0,1,0,0,38.0,6.0,5.0,1,1
2548,23841.0,0,9.0,0,1,1,38.0,7.0,3.0,1,0
2552,21567.0,0,14.0,1,0,0,26.0,3.0,3.0,1,0
2557,21452.0,0,25.0,1,0,0,25.0,2.0,3.0,1,0
2562,21513.0,0,10.0,1,0,0,37.0,7.0,3.0,0,0
2565,24824.0,0,29.0,0,1,1,34.0,2.0,4.0,1,0
2569,21046.0,0,13.0,1,0,0,27.0,3.0,4.0,0,0
2573,25245.0,0,27.0,0,1,1,50.0,3.0,5.0,0,0
2578,21620.0,0,32.0,1,0,0,27.0,3.0,3.0,0,0
2581,24580.0,0,11.0,0,1,1,40.0,6.0,3.0,0,0
2582,27317.0,0,35.0,0,1,1,26.0,4.0,3.0,1,0
2583,25025.0,1,16.0,0,1,1,31.0,2.0,3.0,1,0
2592,20916.0,0,16.0,1,0,0,42.0,4.0,5.0,1,0
2594,24283.0,0,33.0,0,1,1,41.0,3.0,4.0,0,0
2596,20984.0,1,13.0,0,1,1,54.0,4.0,3.0,1,0
2597,21026.0,0,16.0,0,1,1,46.0,2.0,4.0,1,0
2600,24810.0,0,14.0,0,1,1,52.0,4.0,3.0,1,0
2604,21001.0,0,26.0,1,0,0,23.0,3.0,3.0,1,0
2606,21391.0,0,28.0,1,0,0,29.0,3.0,3.0,1,0
2608,21244.0,1,10.0,1,0,0,28.0,3.0,3.0,1,0
2610,21129.0,0,21.0,1,0,0,42.0,6.0,3.0,1,0
2617,21750.0,0,16.0,0,1,1,31.0,3.0,5.0,1,0
2618,23684.0,1,11.0,0,1,1,46.0,6.0,5.0,0,0
2624,22607.0,1,19.0,1,0,0,32.0,2.0,3.0,0,0
2627,22368.0,0,7.0,1,0,0,51.0,4.0,3.0,1,0
2628,23128.0,0,20.0,0,1,1,54.0,3.0,5.0,0,0
2629,21434.0,0,21.0,1,0,0,34.0,3.0,4.0,0,0
2636,24594.0,1,30.0,0,1,1,36.0,5.0,3.0,1,1
2637,20767.0,0,14.0,1,0,0,44.0,6.0,3.0,1,0
2639,22242.0,1,28.0,1,0,0,38.0,3.0,5.0,1,0
2641,23943.0,0,28.0,0,1,1,43.0,4.0,3.0,0,0
2642,25231.0,0,9.0,0,1,1,39.0,2.0,3.0,1,0
2645,25482.0,1,25.0,0,1,1,50.0,3.0,3.0,1,0
2646,22493.0,1,17.0,1,0,0,35.0,3.0,3.0,1,0
2647,21419.0,1,26.0,0,1,1,41.0,2.0,3.0,1,0
2648,25351.0,1,36.0,0,1,1,39.0,2.0,5.0,1,1
2650,21006.0,1,12.0,1,0,0,23.0,3.0,4.0,1,0
2652,23554.0,0,16.0,0,1,1,41.0,2.0,3.0,1,0
2663,24618.0,0,10.0,0,1,1,55.0,4.0,5.0,0,0
2670,20855.0,0,11.0,1,0,0,38.0,6.0,3.0,1,0
2678,21114.0,1,21.0,1,0,0,34.0,7.0,3.0,1,1
2680,21385.0,0,9.0,1,0,0,34.0,2.0,5.0,0,1
2682,22609.0,0,11.0,1,0,0,33.0,4.0,4.0,0,0
2684,20910.0,0,7.0,1,0,0,40.0,2.0,3.0,0,0
2685,23143.0,0,33.0,0,1,1,33.0,2.0,3.0,1,0
2686,21750.0,0,26.0,0,1,1,42.0,4.0,5.0,1,0
2690,21589.0,0,12.0,1,0,0,34.0,3.0,3.0,0,0
2692,22598.0,0,7.0,1,0,0,38.0,4.0,5.0,0,0
2693,25112.0,0,14.0,0,1,1,46.0,6.0,3.0,1,0
2698,25609.0,0,27.0,0,1,1,30.0,4.0,3.0,1,0
2699,23576.0,0,7.0,0,1,1,26.0,2.0,3.0,0,0
2700,21271.0,1,9.0,1,0,0,43.0,2.0,5.0,0,0
2702,21401.0,0,7.0,1,0,0,52.0,3.0,3.0,1,0
2704,21472.0,0,14.0,1,0,0,33.0,3.0,4.0,1,0
2705,23927.0,0,9.0,0,1,1,39.0,5.0,3.0,1,0
2709,25322.0,0,9.0,0,1,1,30.0,4.0,4.0,1,0
2710,24260.0,0,30.0,0,1,1,32.0,2.0,3.0,1,0
2711,22678.0,0,12.0,0,1,1,26.0,3.0,5.0,1,0
2713,21888.0,0,13.0,1,0,0,37.0,2.0,3.0,1,0
2716,20748.0,0,16.0,1,0,0,29.0,3.0,3.0,1,0
2717,25180.0,0,13.0,0,1,1,38.0,6.0,3.0,1,0
2721,24283.0,1,14.0,0,1,1,39.0,3.0,5.0,0,0
2722,25075.0,0,7.0,0,1,1,27.0,3.0,4.0,0,0
2725,23585.0,0,7.0,0,1,1,43.0,3.0,3.0,1,0
2728,23419.0,1,18.0,0,1,1,27.0,3.0,5.0,1,0
2730,21839.0,1,31.0,1,0,0,45.0,5.0,3.0,1,1
2731,24423.0,0,30.0,0,1,1,39.0,2.0,3.0,1,0
2732,21051.0,1,23.0,1,0,0,27.0,4.0,4.0,1,1
2736,21467.0,0,12.0,1,0,0,32.0,3.0,4.0,0,0
2738,21004.0,1,16.0,1,0,0,38.0,3.0,3.0,1,0
2742,22366.0,0,25.0,1,0,0,37.0,6.0,3.0,1,0
2749,24352.0,0,31.0,0,1,1,37.0,2.0,4.0,0,0
2750,24162.0,0,14.0,0,1,1,33.0,3.0,3.0,1,0
2754,25088.0,0,9.0,0,1,1,32.0,5.0,5.0,1,0
2756,21373.0,1,9.0,1,0,0,32.0,2.0,3.0,1,0
2761,23619.0,0,15.0,0,1,1,53.0,4.0,4.0,1,1
2765,26225.0,0,14.0,0,1,1,32.0,6.0,3.0,1,0
2768,24453.0,0,35.0,0,1,1,31.0,3.0,3.0,0,0
2771,23916.0,1,10.0,0,1,1,40.0,6.0,3.0,0,1
2774,23935.0,0,17.0,0,1,1,44.0,3.0,3.0,0,0
2775,25027.0,1,7.0,0,1,1,28.0,2.0,4.0,1,0
2778,22375.0,0,15.0,0,1,1,46.0,2.0,3.0,1,0
2782,24796.0,0,12.0,0,1,1,31.0,3.0,3.0,0,0
2783,24892.0,0,15.0,0,1,1,28.0,3.0,4.0,0,0
2784,25025.0,0,12.0,0,1,1,38.0,2.0,3.0,1,0
2787,26946.0,1,17.0,0,1,1,30.0,3.0,4.0,0,0
2789,21582.0,0,33.0,1,0,0,24.0,3.0,3.0,1,0
2793,23327.0,0,9.0,0,1,1,30.0,3.0,3.0,1,0
2795,21048.0,0,9.0,1,0,0,33.0,3.0,4.0,0,0
2797,24652.0,1,13.0,0,1,1,38.0,6.0,5.0,1,0
2799,23974.0,0,7.0,0,1,1,27.0,3.0,3.0,1,0
2805,20891.0,1,17.0,1,0,0,41.0,5.0,3.0,0,0
2809,23936.0,0,14.0,0,1,1,47.0,4.0,3.0,0,0
2812,25058.0,1,29.0,0,1,1,41.0,4.0,3.0,1,1
2817,22494.0,0,7.0,1,0,0,28.0,3.0,4.0,1,0
2820,23614.0,0,21.0,0,1,1,52.0,6.0,3.0,0,0
2821,21221.0,0,9.0,1,0,0,37.0,6.0,3.0,0,0
2824,22938.0,1,17.0,0,1,1,25.0,3.0,3.0,0,0
2827,20922.0,0,18.0,1,0,0,23.0,3.0,4.0,0,0
2830,21712.0,0,21.0,1,0,0,38.0,3.0,5.0,0,0
2831,24393.0,0,9.0,0,1,1,41.0,2.0,4.0,0,0
2832,21254.0,0,7.0,1,0,0,43.0,5.0,5.0,0,0
2837,25216.0,0,11.0,0,1,1,35.0,2.0,3.0,0,0
2838,22984.0,0,14.0,0,1,1,32.0,3.0,5.0,0,0
2839,20936.0,0,28.0,1,0,0,44.0,2.0,3.0,1,0
2840,23200.0,1,15.0,0,1,1,44.0,6.0,3.0,0,0
2842,23127.0,1,32.0,0,1,1,38.0,5.0,3.0,0,0
2843,20896.0,0,7.0,1,0,0,32.0,3.0,5.0,1,0
2848,23236.0,0,24.0,0,1,1,29.0,3.0,5.0,1,0
2849,22709.0,0,10.0,1,0,0,26.0,7.0,5.0,1,1
2851,21332.0,0,17.0,1,0,0,46.0,5.0,3.0,1,0
2853,23234.0,0,36.0,0,1,1,43.0,4.0,3.0,0,0
2856,23488.0,0,25.0,0,1,1,47.0,4.0,3.0,0,0
2860,20380.0,1,9.0,1,0,0,39.0,3.0,3.0,1,0
2862,21564.0,0,30.0,1,0,0,27.0,3.0,3.0,0,0
2863,20775.0,0,10.0,1,0,0,31.0,6.0,3.0,1,0
2872,23748.0,0,9.0,0,1,1,48.0,7.0,3.0,0,0
2876,21446.0,0,9.0,1,0,0,35.0,5.0,3.0,1,0
2885,20771.0,0,12.0,1,0,0,43.0,6.0,3.0,1,0
2888,22729.0,0,9.0,0,1,1,49.0,4.0,3.0,0,0
2891,23395.0,0,7.0,0,1,1,36.0,2.0,3.0,1,0
2893,22433.0,0,15.0,1,0,0,40.0,3.0,3.0,0,0
2896,23483.0,0,9.0,0,1,1,46.0,2.0,4.0,1,0
2897,21419.0,1,24.0,1,0,0,27.0,2.0,3.0,0,1
2904,22984.0,0,36.0,0,1,1,27.0,7.0,3.0,1,0
2913,23385.0,0,18.0,0,1,1,33.0,2.0,3.0,1,1
2914,21078.0,0,31.0,1,0,0,25.0,2.0,3.0,1,0
2918,21403.0,1,30.0,1,0,0,25.0,3.0,3.0,1,0
2919,24950.0,0,35.0,0,1,1,27.0,3.0,4.0,1,0
2920,20805.0,0,24.0,1,0,0,25.0,3.0,4.0,1,0
2922,20774.0,0,20.0,1,0,0,26.0,3.0,3.0,1,0
2923,21564.0,1,14.0,1,0,0,25.0,3.0,3.0,0,1
2924,20711.0,0,19.0,1,0,0,31.0,3.0,5.0,1,1
2925,22300.0,1,7.0,1,0,0,35.0,3.0,3.0,1,0
2926,22911.0,0,20.0,0,1,1,32.0,4.0,5.0,1,1
2928,24138.0,0,13.0,0,1,1,32.0,6.0,3.0,1,0
2929,20865.0,0,13.0,1,0,0,28.0,2.0,3.0,0,0
2932,22767.0,0,9.0,0,1,1,43.0,3.0,3.0,0,0
2935,24357.0,1,16.0,0,1,1,44.0,5.0,3.0,1,0
2939,21719.0,0,9.0,1,0,0,28.0,2.0,5.0,1,1
2942,21451.0,0,13.0,1,0,0,23.0,2.0,3.0,1,0
2943,25782.0,0,15.0,0,1,1,34.0,2.0,3.0,1,0
2944,25000.0,1,16.0,0,1,1,33.0,3.0,3.0,0,0
2945,20761.0,0,10.0,1,0,0,31.0,3.0,3.0,0,0
2947,21369.0,0,7.0,1,0,0,35.0,3.0,3.0,1,0
2948,22964.0,0,33.0,0,1,1,46.0,4.0,5.0,0,1
2949,21337.0,1,13.0,1,0,0,27.0,3.0,3.0,0,0
2951,24239.0,0,10.0,0,1,1,30.0,3.0,3.0,0,0
2953,26403.0,0,13.0,0,1,1,34.0,5.0,3.0,1,0
2955,27525.0,1,16.0,0,1,1,37.0,4.0,4.0,1,0
2959,19959.0,0,10.0,1,0,0,36.0,3.0,3.0,1,0
2960,21497.0,0,11.0,1,0,0,24.0,4.0,5.0,1,0
2961,23529.0,0,15.0,0,1,1,26.0,2.0,4.0,1,0
2964,26798.0,0,9.0,0,1,1,49.0,5.0,4.0,1,0
2965,23325.0,1,10.0,0,1,1,28.0,3.0,3.0,0,0
2967,21899.0,1,35.0,1,0,0,51.0,3.0,3.0,1,0
2983,22553.0,0,15.0,1,0,0,51.0,2.0,4.0,1,0
2989,23982.0,0,34.0,0,1,1,31.0,2.0,3.0,1,0
2992,25482.0,0,22.0,0,1,1,44.0,5.0,3.0,1,0
2994,21178.0,0,16.0,1,0,0,24.0,3.0,5.0,1,0
2995,25067.0,0,10.0,0,1,1,40.0,2.0,4.0,0,0
2999,20975.0,0,17.0,1,0,0,30.0,3.0,4.0,1,0
3001,23771.0,0,9.0,0,1,1,36.0,4.0,5.0,0,0
3002,23987.0,0,31.0,0,1,1,33.0,3.0,3.0,1,0
3004,23799.0,0,15.0,0,1,1,35.0,5.0,5.0,0,0
3014,22936.0,0,26.0,1,0,0,53.0,2.0,3.0,1,0
3016,23013.0,0,34.0,0,1,1,30.0,6.0,3.0,0,0
3019,24163.0,1,26.0,0,1,1,55.0,2.0,5.0,0,0
3020,23020.0,0,6.0,0,1,1,28.0,2.0,3.0,1,0
3021,21460.0,1,17.0,1,0,0,38.0,2.0,5.0,0,0
3024,21250.0,0,15.0,1,0,0,36.0,3.0,3.0,0,0
3026,22922.0,0,9.0,0,1,1,41.0,3.0,4.0,0,0
3027,25178.0,0,15.0,0,1,1,35.0,7.0,5.0,0,0
3029,20279.0,1,13.0,1,0,0,24.0,3.0,5.0,1,1
3030,21372.0,0,16.0,1,0,0,25.0,3.0,4.0,1,0
3031,21827.0,0,18.0,0,1,1,53.0,2.0,3.0,0,0
3033,20997.0,1,7.0,1,0,0,30.0,3.0,5.0,0,1
3037,23906.0,0,7.0,0,1,1,37.0,2.0,4.0,0,0
3038,21378.0,0,30.0,1,0,0,30.0,3.0,3.0,1,0
3041,24740.0,1,7.0,0,1,1,43.0,2.0,3.0,0,0
3043,20821.0,0,20.0,1,0,0,37.0,6.0,4.0,1,0
3044,24840.0,0,11.0,0,1,1,33.0,3.0,3.0,0,0
3048,23112.0,0,36.0,0,1,1,43.0,3.0,4.0,1,0
3049,24966.0,0,19.0,0,1,1,39.0,4.0,5.0,1,0
3056,23457.0,1,9.0,0,1,1,29.0,3.0,4.0,0,0
3057,22415.0,0,10.0,1,0,0,35.0,2.0,3.0,1,0
3058,21044.0,1,12.0,1,0,0,27.0,3.0,3.0,0,1
3059,20384.0,0,10.0,1,0,0,28.0,3.0,3.0,1,0
3063,22715.0,0,7.0,0,1,1,34.0,3.0,5.0,1,0
3065,24879.0,1,7.0,0,1,1,37.0,3.0,3.0,1,0
3066,23081.0,0,20.0,0,1,1,33.0,4.0,3.0,1,0
3067,22439.0,0,12.0,1,0,0,31.0,2.0,3.0,1,0
3070,23853.0,0,15.0,0,1,1,33.0,7.0,3.0,0,0
3072,25012.0,0,23.0,0,1,1,38.0,6.0,3.0,1,0
3073,23614.0,0,15.0,1,0,0,29.0,3.0,3.0,1,0
3075,21496.0,1,15.0,1,0,0,45.0,4.0,3.0,1,0
3077,21020.0,0,15.0,1,0,0,37.0,2.0,5.0,1,0
3078,22872.0,1,10.0,0,1,1,26.0,3.0,5.0,1,0
3080,20700.0,1,32.0,1,0,0,36.0,3.0,4.0,0,1
3081,20992.0,0,7.0,1,0,0,33.0,2.0,3.0,1,0
3082,22934.0,0,11.0,0,1,1,26.0,3.0,5.0,1,0
3084,21840.0,0,11.0,1,0,0,25.0,2.0,3.0,1,0
3085,25202.0,0,12.0,0,1,1,33.0,3.0,4.0,1,0
3086,21577.0,0,16.0,1,0,0,39.0,2.0,4.0,1,0
3087,23909.0,1,10.0,0,1,1,43.0,4.0,3.0,0,0
3088,21034.0,1,18.0,1,0,0,32.0,5.0,3.0,1,0
3092,21651.0,0,28.0,1,0,0,38.0,7.0,3.0,0,0
3094,24240.0,0,7.0,0,1,1,44.0,6.0,3.0,0,0
3095,23215.0,1,9.0,0,1,1,48.0,2.0,3.0,0,0
3098,23882.0,0,9.0,0,1,1,40.0,2.0,3.0,0,0
3099,20955.0,1,10.0,1,0,0,34.0,5.0,4.0,1,0
3102,21237.0,1,16.0,1,0,0,45.0,3.0,5.0,1,0
3105,23443.0,0,15.0,0,1,1,44.0,6.0,4.0,0,0
3108,25264.0,1,21.0,0,1,1,37.0,2.0,3.0,1,0
3110,22849.0,1,10.0,0,1,1,23.0,2.0,3.0,0,1
3112,21055.0,0,16.0,1,0,0,29.0,7.0,3.0,0,0
3113,21082.0,1,13.0,1,0,0,40.0,2.0,5.0,1,1
3115,20686.0,0,17.0,1,0,0,35.0,3.0,4.0,1,0
3119,21007.0,0,14.0,1,0,0,32.0,5.0,3.0,1,0
3120,22692.0,1,28.0,0,1,1,36.0,3.0,3.0,0,0
3122,20937.0,0,27.0,1,0,0,49.0,6.0,3.0,1,0
3123,25610.0,0,27.0,0,1,1,32.0,3.0,3.0,0,0
3127,21091.0,1,26.0,1,0,0,26.0,3.0,4.0,1,1
3134,24533.0,1,19.0,0,1,1,32.0,2.0,3.0,0,0
3135,22295.0,1,16.0,1,0,0,41.0,2.0,4.0,1,0
3136,25403.0,0,10.0,0,1,1,33.0,3.0,5.0,0,0
3140,23125.0,0,11.0,0,1,1,46.0,3.0,4.0,1,0
3142,23279.0,0,25.0,0,1,1,36.0,3.0,3.0,0,0
3151,23745.0,1,23.0,0,1,1,48.0,3.0,3.0,1,0
3157,20948.0,0,7.0,1,0,0,46.0,5.0,3.0,0,0
3159,24166.0,1,7.0,0,1,1,34.0,3.0,4.0,0,0
3162,22311.0,1,30.0,0,1,1,46.0,3.0,5.0,1,0
3164,20810.0,1,29.0,1,0,0,31.0,6.0,3.0,0,1
3166,21362.0,0,17.0,1,0,0,39.0,2.0,3.0,1,0
3168,23055.0,0,24.0,0,1,1,25.0,3.0,3.0,0,0
3169,22421.0,1,21.0,1,0,0,36.0,3.0,4.0,1,1
3170,22826.0,0,7.0,0,1,1,32.0,3.0,5.0,0,0
3177,24150.0,0,9.0,0,1,1,27.0,3.0,3.0,1,0
3183,22905.0,0,9.0,0,1,1,28.0,2.0,3.0,0,0
3184,22595.0,0,17.0,1,0,0,36.0,3.0,3.0,1,0
3186,21058.0,0,16.0,1,0,0,51.0,6.0,3.0,1,0
3195,25025.0,0,7.0,0,1,1,51.0,2.0,3.0,0,0
3205,23512.0,0,22.0,0,1,1,37.0,2.0,3.0,1,1
3207,20898.0,1,17.0,1,0,0,35.0,3.0,3.0,0,0
3208,19730.0,0,10.0,1,0,0,29.0,3.0,4.0,1,0
3209,21499.0,0,10.0,1,0,0,39.0,5.0,3.0,1,0
3212,27074.0,0,33.0,0,1,1,41.0,3.0,5.0,1,0
3213,20685.0,0,7.0,1,0,0,27.0,3.0,3.0,0,0
3222,23293.0,1,15.0,0,1,1,47.0,2.0,5.0,0,0
3223,21139.0,1,11.0,1,0,0,52.0,2.0,3.0,1,1
3225,22633.0,0,7.0,1,0,0,27.0,3.0,5.0,1,0
3237,20885.0,0,22.0,1,0,0,29.0,3.0,3.0,1,0
3239,25372.0,1,17.0,0,1,1,38.0,4.0,3.0,0,0
3241,21055.0,0,28.0,1,0,0,27.0,3.0,3.0,1,1
3244,21274.0,0,7.0,1,0,0,29.0,3.0,4.0,1,1
3246,22980.0,0,14.0,0,1,1,34.0,2.0,4.0,0,0
3247,21657.0,0,10.0,1,0,0,35.0,5.0,3.0,1,0
3249,24271.0,0,16.0,0,1,1,46.0,3.0,3.0,0,0
3252,21192.0,0,35.0,1,0,0,30.0,6.0,3.0,0,0
3262,21469.0,0,27.0,1,0,0,32.0,2.0,3.0,1,0
3263,21879.0,0,9.0,1,0,0,29.0,2.0,4.0,1,0
3264,23646.0,0,18.0,0,1,1,36.0,3.0,3.0,1,0
3267,21969.0,0,17.0,1,0,0,30.0,2.0,4.0,0,0
3269,23734.0,1,15.0,0,1,1,30.0,3.0,3.0,1,0
3270,21522.0,0,7.0,1,0,0,39.0,3.0,3.0,1,0
3271,21381.0,1,13.0,1,0,0,29.0,3.0,3.0,1,0
3274,23444.0,1,19.0,1,0,0,42.0,5.0,3.0,1,0
3275,21288.0,0,22.0,1,0,0,32.0,3.0,3.0,1,1
3276,24409.0,0,32.0,0,1,1,38.0,2.0,3.0,0,0
3277,21217.0,0,13.0,1,0,0,28.0,3.0,3.0,1,0
3278,24392.0,0,16.0,0,1,1,35.0,3.0,3.0,0,0
3286,21193.0,1,19.0,1,0,0,29.0,3.0,3.0,0,1
3287,23098.0,0,10.0,1,0,0,27.0,3.0,3.0,1,0
3288,25256.0,0,17.0,0,1,1,31.0,3.0,3.0,1,0
3289,23100.0,1,33.0,0,1,1,41.0,5.0,3.0,0,0
3292,21054.0,0,11.0,1,0,0,36.0,3.0,3.0,1,0
3294,21505.0,0,9.0,1,0,0,33.0,3.0,5.0,0,0
3296,21809.0,0,13.0,1,0,0,30.0,3.0,3.0,0,0
3298,23155.0,1,14.0,1,0,0,46.0,6.0,3.0,0,0
3299,25152.0,0,7.0,0,1,1,38.0,3.0,3.0,0,0
3304,21531.0,1,10.0,1,0,0,23.0,2.0,3.0,1,1
3307,22278.0,0,9.0,1,0,0,34.0,3.0,3.0,1,0
3309,22793.0,0,36.0,0,1,1,31.0,2.0,5.0,1,0
3310,23005.0,0,9.0,0,1,1,41.0,7.0,4.0,1,0
3312,21874.0,0,26.0,1,0,0,29.0,3.0,5.0,1,0
3315,20888.0,0,24.0,1,0,0,25.0,3.0,4.0,0,1
3316,23217.0,0,32.0,0,1,1,34.0,3.0,3.0,0,0
3318,22169.0,0,14.0,0,1,1,31.0,3.0,3.0,1,0
3322,24950.0,0,9.0,0,1,1,43.0,2.0,5.0,1,0
3324,21421.0,0,20.0,1,0,0,33.0,3.0,4.0,0,0
3327,21459.0,0,16.0,1,0,0,34.0,2.0,3.0,1,0
3330,22257.0,1,7.0,1,0,0,31.0,2.0,4.0,1,0
3333,20913.0,1,21.0,1,0,0,28.0,3.0,5.0,1,0
3335,20689.0,0,9.0,1,0,0,45.0,3.0,3.0,0,0
3337,22438.0,0,7.0,1,0,0,30.0,3.0,3.0,0,0
3339,25511.0,1,18.0,0,1,1,32.0,3.0,5.0,1,0
3346,21195.0,0,11.0,1,0,0,28.0,3.0,3.0,1,0
3347,25301.0,1,14.0,0,1,1,30.0,3.0,3.0,1,0
3354,19901.0,0,7.0,1,0,0,24.0,3.0,3.0,1,0
3364,23122.0,0,26.0,0,1,1,35.0,6.0,4.0,0,0
3367,23168.0,0,18.0,0,1,1,35.0,6.0,4.0,1,0
3368,22184.0,1,13.0,1,0,0,36.0,2.0,3.0,1,0
3373,22545.0,1,9.0,1,0,0,29.0,3.0,3.0,1,0
3379,24887.0,0,15.0,0,1,1,33.0,3.0,3.0,1,0
3383,23561.0,0,14.0,0,1,1,33.0,3.0,3.0,1,1
3397,21040.0,0,10.0,1,0,0,45.0,6.0,5.0,1,1
3401,22222.0,0,23.0,1,0,0,41.0,2.0,3.0,1,0
3404,22781.0,0,7.0,0,1,1,42.0,2.0,5.0,0,0
3407,25571.0,0,9.0,0,1,1,39.0,5.0,5.0,0,0
3409,22347.0,0,26.0,1,0,0,26.0,5.0,3.0,1,0
3411,21065.0,0,7.0,1,0,0,41.0,5.0,4.0,1,0
3412,23317.0,0,14.0,0,1,1,37.0,4.0,5.0,0,0
3414,21212.0,0,18.0,1,0,0,28.0,2.0,3.0,0,0
3417,24041.0,0,7.0,0,1,1,36.0,2.0,3.0,0,0
3422,25055.0,0,9.0,0,1,1,41.0,7.0,3.0,0,0
3423,24107.0,0,36.0,0,1,1,35.0,6.0,3.0,1,0
3425,23292.0,1,25.0,0,1,1,36.0,2.0,3.0,0,1
3426,21288.0,0,14.0,1,0,0,39.0,3.0,3.0,1,0
3428,23402.0,0,33.0,0,1,1,29.0,3.0,5.0,1,0
3429,24857.0,1,29.0,0,1,1,32.0,3.0,3.0,1,1
3430,24798.0,1,28.0,0,1,1,40.0,5.0,3.0,1,0
3432,24145.0,1,29.0,0,1,1,42.0,5.0,3.0,0,0
3433,21674.0,1,11.0,1,0,0,38.0,2.0,3.0,1,0
3435,22756.0,1,9.0,0,1,1,33.0,2.0,4.0,1,0
3437,24910.0,0,25.0,0,1,1,26.0,4.0,3.0,1,0
3440,24447.0,1,17.0,0,1,1,28.0,3.0,3.0,0,0
3444,21628.0,0,15.0,1,0,0,53.0,2.0,5.0,0,0
3457,23457.0,0,14.0,0,1,1,31.0,2.0,5.0,0,0
3459,21674.0,0,7.0,1,0,0,35.0,7.0,5.0,1,0
3461,20777.0,0,18.0,1,0,0,28.0,2.0,5.0,1,0
3463,24325.0,0,23.0,0,1,1,37.0,6.0,5.0,0,0
3465,23078.0,0,16.0,1,0,0,26.0,5.0,5.0,1,1
3469,22840.0,1,11.0,0,1,1,25.0,3.0,3.0,0,0
3471,21972.0,0,7.0,1,0,0,35.0,7.0,4.0,0,0
3472,20805.0,1,12.0,1,0,0,42.0,4.0,3.0,1,0
3473,22653.0,0,16.0,0,1,1,41.0,5.0,3.0,1,0
3482,24164.0,0,14.0,0,1,1,49.0,6.0,5.0,1,0
3489,21023.0,0,9.0,1,0,0,41.0,4.0,3.0,1,0
3491,23051.0,0,14.0,0,1,1,34.0,2.0,5.0,1,0
3493,23979.0,0,23.0,0,1,1,31.0,2.0,3.0,1,0
3495,23446.0,0,7.0,0,1,1,45.0,2.0,3.0,0,0
3503,21082.0,0,14.0,1,0,0,36.0,3.0,3.0,1,0
3505,20711.0,0,20.0,1,0,0,25.0,3.0,4.0,0,0
3507,27298.0,0,26.0,0,1,1,30.0,3.0,3.0,1,0
3508,20742.0,0,7.0,1,0,0,31.0,2.0,3.0,1,0
3510,22516.0,0,11.0,1,0,0,34.0,2.0,4.0,0,0
3511,23269.0,1,21.0,0,1,1,48.0,5.0,3.0,0,0
3513,20241.0,0,7.0,1,0,0,29.0,3.0,3.0,1,0
3515,23467.0,0,10.0,0,1,1,50.0,6.0,5.0,0,0
3516,21858.0,0,9.0,1,0,0,30.0,2.0,4.0,0,0
3532,23519.0,0,9.0,1,0,0,43.0,6.0,4.0,1,0
3533,22963.0,0,20.0,0,1,1,38.0,3.0,3.0,1,0
3538,24151.0,0,16.0,0,1,1,41.0,2.0,5.0,1,0
3539,23885.0,1,35.0,0,1,1,34.0,3.0,3.0,1,0
3542,22747.0,1,15.0,0,1,1,41.0,5.0,3.0,1,0
3544,21108.0,0,35.0,1,0,0,36.0,2.0,3.0,0,0
3545,24556.0,0,12.0,0,1,1,33.0,5.0,4.0,0,0
3547,25117.0,0,23.0,0,1,1,49.0,2.0,3.0,0,0
3549,25070.0,0,15.0,0,1,1,34.0,4.0,5.0,1,0
3551,24755.0,0,17.0,0,1,1,39.0,5.0,3.0,1,0
3554,20752.0,1,9.0,1,0,0,36.0,3.0,5.0,0,1
3556,23533.0,0,9.0,0,1,1,39.0,6.0,4.0,1,1
3558,21045.0,0,22.0,1,0,0,49.0,2.0,5.0,0,0
3561,24162.0,0,7.0,0,1,1,35.0,2.0,3.0,1,0
3562,20739.0,0,10.0,1,0,0,27.0,3.0,3.0,0,0
3569,27531.0,0,9.0,0,1,1,30.0,3.0,3.0,1,0
3572,24240.0,1,13.0,0,1,1,37.0,5.0,5.0,1,0
3574,22085.0,0,35.0,0,1,1,36.0,3.0,3.0,1,0
3576,23317.0,0,21.0,0,1,1,41.0,3.0,5.0,0,0
3578,21368.0,0,14.0,1,0,0,36.0,3.0,3.0,1,0
3580,21086.0,1,31.0,1,0,0,29.0,3.0,4.0,1,1
3581,21492.0,1,33.0,1,0,0,23.0,3.0,3.0,0,0
3583,21990.0,0,12.0,1,0,0,33.0,5.0,3.0,0,0
3585,20819.0,0,14.0,1,0,0,31.0,3.0,4.0,1,0
3587,23063.0,0,33.0,0,1,1,46.0,3.0,5.0,1,0
3589,23341.0,1,19.0,0,1,1,37.0,2.0,3.0,0,0
3590,23402.0,0,17.0,0,1,1,35.0,3.0,3.0,1,0
3591,21889.0,0,32.0,1,0,0,50.0,3.0,5.0,0,0
3592,24055.0,0,17.0,0,1,1,40.0,4.0,5.0,1,0
3593,22744.0,0,26.0,1,0,0,28.0,3.0,5.0,1,0
3594,23886.0,0,25.0,0,1,1,36.0,3.0,5.0,1,0
3599,21747.0,0,10.0,0,1,1,40.0,2.0,3.0,1,0
3601,22826.0,0,15.0,0,1,1,36.0,3.0,3.0,0,0
3602,24446.0,0,26.0,0,1,1,38.0,5.0,3.0,1,0
3604,24448.0,0,9.0,0,1,1,46.0,3.0,3.0,0,0
3607,22614.0,0,17.0,1,0,0,38.0,3.0,4.0,0,0
3609,24421.0,1,7.0,0,1,1,45.0,6.0,3.0,1,0
3613,22195.0,0,15.0,1,0,0,28.0,2.0,3.0,0,0
3618,23884.0,0,9.0,0,1,1,26.0,3.0,3.0,1,0
3619,23973.0,0,19.0,0,1,1,40.0,6.0,4.0,1,0
3623,24111.0,0,10.0,0,1,1,35.0,3.0,4.0,0,0
3626,23052.0,0,7.0,0,1,1,37.0,2.0,3.0,0,0
3631,23413.0,0,7.0,0,1,1,39.0,2.0,3.0,1,0
3632,22865.0,1,12.0,0,1,1,30.0,3.0,4.0,1,0
3633,24183.0,0,9.0,0,1,1,34.0,3.0,3.0,1,0
3634,24148.0,0,9.0,0,1,1,33.0,2.0,4.0,1,0
3635,24154.0,0,12.0,0,1,1,32.0,3.0,3.0,0,0
3636,21265.0,1,23.0,1,0,0,50.0,6.0,5.0,0,0
3642,24046.0,1,23.0,0,1,1,34.0,3.0,3.0,0,0
3644,21873.0,1,7.0,1,0,0,45.0,6.0,3.0,0,0
3646,21984.0,0,11.0,1,0,0,39.0,2.0,3.0,0,0
3648,21333.0,1,14.0,1,0,0,49.0,4.0,3.0,0,1
3652,22664.0,0,12.0,0,1,1,35.0,3.0,3.0,1,0
3654,20706.0,0,28.0,1,0,0,34.0,3.0,4.0,1,0
3656,21607.0,0,26.0,1,0,0,35.0,3.0,3.0,0,0
3657,20953.0,1,14.0,1,0,0,24.0,3.0,3.0,1,1
3660,26525.0,1,9.0,0,1,1,44.0,3.0,3.0,1,0
3661,23079.0,0,16.0,1,0,0,25.0,3.0,3.0,1,0
3663,21652.0,0,16.0,1,0,0,30.0,2.0,3.0,0,0
3671,22155.0,0,9.0,1,0,0,32.0,3.0,3.0,1,0
3673,25194.0,1,15.0,0,1,1,41.0,4.0,5.0,0,0
3674,22585.0,0,36.0,1,0,0,25.0,3.0,5.0,1,0
3676,25561.0,0,34.0,0,1,1,36.0,4.0,3.0,1,0
3677,21540.0,0,23.0,1,0,0,31.0,3.0,3.0,1,0
3678,23656.0,0,9.0,0,1,1,48.0,2.0,4.0,1,0
3680,24812.0,1,20.0,0,1,1,37.0,7.0,5.0,1,1
3684,25150.0,1,7.0,0,1,1,40.0,3.0,3.0,1,0
3689,20823.0,0,17.0,1,0,0,25.0,2.0,3.0,1,0
3696,21610.0,1,9.0,1,0,0,35.0,2.0,3.0,1,0
3700,21146.0,0,9.0,1,0,0,39.0,6.0,4.0,0,0
3703,23972.0,0,23.0,0,1,1,31.0,5.0,3.0,1,0
3707,21444.0,0,19.0,1,0,0,43.0,2.0,4.0,1,0
3710,20967.0,0,16.0,1,0,0,42.0,3.0,5.0,1,0
3711,22679.0,1,17.0,0,1,1,35.0,3.0,3.0,1,0
3716,22380.0,0,13.0,1,0,0,39.0,3.0,3.0,0,0
3717,21076.0,1,15.0,1,0,0,23.0,3.0,5.0,0,1
3718,24146.0,0,36.0,0,1,1,32.0,3.0,3.0,0,0
3720,22867.0,0,16.0,0,1,1,38.0,3.0,4.0,1,0
3723,21020.0,1,7.0,1,0,0,45.0,3.0,4.0,1,1
3724,22749.0,0,15.0,0,1,1,38.0,4.0,4.0,1,0
3727,20722.0,0,7.0,1,0,0,29.0,3.0,3.0,1,0
3730,22055.0,0,9.0,1,0,0,41.0,6.0,5.0,0,0
3731,24216.0,0,20.0,0,1,1,43.0,7.0,5.0,1,0
3732,24440.0,0,9.0,0,1,1,36.0,4.0,3.0,1,0
3733,21270.0,0,9.0,1,0,0,39.0,7.0,4.0,1,0
3734,24024.0,0,16.0,0,1,1,35.0,6.0,5.0,1,1
3736,22805.0,0,27.0,0,1,1,40.0,4.0,3.0,1,0
3741,20826.0,1,27.0,1,0,0,27.0,2.0,4.0,0,1
3743,25191.0,0,7.0,0,1,1,41.0,6.0,3.0,0,0
3748,23126.0,0,19.0,0,1,1,41.0,4.0,5.0,0,0
3749,25532.0,0,14.0,0,1,1,55.0,6.0,3.0,0,0
3751,22269.0,0,7.0,1,0,0,29.0,3.0,5.0,0,0
3756,21634.0,0,25.0,1,0,0,32.0,2.0,5.0,1,1
3757,21013.0,1,20.0,1,0,0,30.0,6.0,5.0,1,1
3758,23832.0,0,9.0,0,1,1,46.0,6.0,3.0,0,0
3759,25640.0,1,9.0,0,1,1,37.0,6.0,4.0,0,0
3760,24353.0,0,9.0,0,1,1,44.0,3.0,3.0,1,0
3762,22490.0,0,27.0,1,0,0,30.0,3.0,3.0,1,0
3767,21384.0,0,7.0,1,0,0,29.0,3.0,3.0,1,0
3772,22218.0,0,30.0,0,1,1,28.0,3.0,3.0,0,0
3773,21482.0,0,13.0,1,0,0,30.0,3.0,4.0,1,0
3778,23452.0,0,22.0,1,0,0,28.0,2.0,5.0,0,0
3779,22580.0,0,26.0,0,1,1,40.0,2.0,3.0,1,0
3781,21534.0,0,10.0,1,0,0,29.0,3.0,4.0,0,0
3785,22875.0,0,27.0,0,1,1,32.0,3.0,3.0,1,0
3788,22962.0,1,14.0,0,1,1,38.0,7.0,5.0,1,0
3789,23466.0,1,23.0,0,1,1,36.0,2.0,4.0,0,0
3790,24584.0,0,32.0,0,1,1,46.0,2.0,3.0,0,0
3793,21611.0,1,7.0,1,0,0,27.0,3.0,3.0,0,0
3796,23711.0,0,7.0,0,1,1,45.0,4.0,5.0,1,0
3799,24185.0,0,24.0,0,1,1,37.0,4.0,4.0,1,0
3800,23071.0,0,15.0,0,1,1,42.0,7.0,4.0,0,0
3802,25261.0,1,17.0,0,1,1,32.0,4.0,3.0,0,0
3803,26781.0,1,10.0,0,1,1,35.0,5.0,3.0,0,0
3804,22656.0,0,11.0,1,0,0,32.0,2.0,3.0,0,0
3805,21222.0,0,13.0,1,0,0,27.0,2.0,3.0,1,0
3808,25512.0,1,7.0,0,1,1,29.0,3.0,3.0,1,0
3812,24425.0,1,29.0,0,1,1,35.0,3.0,3.0,1,0
3816,23829.0,0,16.0,0,1,1,40.0,3.0,5.0,1,0
3817,20811.0,1,15.0,0,1,1,39.0,3.0,4.0,0,0
3820,23449.0,0,16.0,1,0,0,39.0,4.0,3.0,1,0
3822,23765.0,1,19.0,0,1,1,43.0,5.0,3.0,1,0
3823,21541.0,0,29.0,1,0,0,28.0,3.0,4.0,0,1
3824,20822.0,0,25.0,0,1,1,36.0,2.0,5.0,1,0
3826,21743.0,1,10.0,1,0,0,32.0,3.0,5.0,1,0
3827,21488.0,0,16.0,1,0,0,37.0,3.0,4.0,1,0
3831,24051.0,0,7.0,0,1,1,30.0,2.0,5.0,1,0
3832,25345.0,0,22.0,0,1,1,33.0,7.0,3.0,0,0
3836,23882.0,1,14.0,0,1,1,36.0,3.0,3.0,0,0
3839,24295.0,1,33.0,0,1,1,32.0,3.0,3.0,1,1
3841,21575.0,0,16.0,0,1,1,55.0,5.0,3.0,0,0
3842,24646.0,0,14.0,0,1,1,34.0,3.0,3.0,1,0
3844,21669.0,1,7.0,1,0,0,39.0,2.0,4.0,1,0
3854,24355.0,0,9.0,0,1,1,41.0,5.0,4.0,0,0
3855,20865.0,0,9.0,1,0,0,26.0,6.0,4.0,0,0
3856,22426.0,0,7.0,1,0,0,31.0,3.0,4.0,1,0
3859,20686.0,0,7.0,1,0,0,34.0,3.0,3.0,1,0
3860,23118.0,0,7.0,0,1,1,39.0,2.0,4.0,1,0
3861,21745.0,0,9.0,1,0,0,32.0,2.0,3.0,1,0
3862,23999.0,0,13.0,0,1,1,39.0,4.0,3.0,1,0
3864,21460.0,0,7.0,1,0,0,42.0,5.0,3.0,1,0
3866,21338.0,1,18.0,1,0,0,36.0,2.0,3.0,1,0
3869,23556.0,1,22.0,0,1,1,34.0,2.0,3.0,0,0
3871,21084.0,0,7.0,1,0,0,41.0,2.0,3.0,1,0
3872,20947.0,0,7.0,1,0,0,33.0,2.0,4.0,1,0
3877,23585.0,1,15.0,0,1,1,26.0,2.0,3.0,0,0
3882,20468.0,0,16.0,1,0,0,24.0,3.0,5.0,1,1
3884,23809.0,0,11.0,0,1,1,37.0,2.0,4.0,0,0
3886,23465.0,1,7.0,1,0,0,30.0,2.0,3.0,1,1
3890,25390.0,0,35.0,0,1,1,35.0,3.0,3.0,0,0
3895,24021.0,0,17.0,0,1,1,39.0,3.0,3.0,0,0
3896,25406.0,0,7.0,0,1,1,51.0,2.0,3.0,1,1
3897,25330.0,0,18.0,0,1,1,37.0,6.0,3.0,0,0
3900,24367.0,1,25.0,0,1,1,36.0,3.0,3.0,1,0
3901,20679.0,0,9.0,1,0,0,41.0,4.0,3.0,0,0
3903,22703.0,1,20.0,0,1,1,30.0,6.0,4.0,1,0
3909,21249.0,0,30.0,0,1,1,37.0,6.0,3.0,1,0
3911,24820.0,1,11.0,0,1,1,28.0,3.0,4.0,1,0
3912,24068.0,0,9.0,0,1,1,50.0,4.0,4.0,1,0
3913,23082.0,0,15.0,0,1,1,35.0,4.0,3.0,1,0
3915,23808.0,0,15.0,0,1,1,50.0,3.0,4.0,1,0
3917,21587.0,1,10.0,1,0,0,34.0,3.0,3.0,0,0
3918,22146.0,0,9.0,1,0,0,28.0,2.0,4.0,1,0
3921,21371.0,0,31.0,1,0,0,31.0,3.0,3.0,1,0
3924,21104.0,0,23.0,1,0,0,36.0,2.0,4.0,1,0
3926,21589.0,0,33.0,1,0,0,32.0,3.0,3.0,1,0
3927,21339.0,0,26.0,1,0,0,35.0,2.0,3.0,1,0
3930,21976.0,1,12.0,1,0,0,33.0,2.0,4.0,1,0
3931,21613.0,1,23.0,1,0,0,23.0,3.0,3.0,1,0
3934,22689.0,0,18.0,0,1,1,25.0,2.0,3.0,0,0
3941,25503.0,0,15.0,0,1,1,43.0,2.0,4.0,1,0
3945,25143.0,1,17.0,0,1,1,45.0,4.0,3.0,1,0
3948,20971.0,1,7.0,1,0,0,25.0,4.0,3.0,1,1
3949,21323.0,0,9.0,1,0,0,44.0,3.0,3.0,0,0
3950,21361.0,1,10.0,1,0,0,51.0,3.0,3.0,1,1
3951,20692.0,0,9.0,1,0,0,36.0,3.0,3.0,0,0
3952,22097.0,1,12.0,1,0,0,37.0,2.0,5.0,0,0
3953,24054.0,0,7.0,0,1,1,34.0,4.0,5.0,0,0
3954,20629.0,0,11.0,1,0,0,36.0,3.0,3.0,1,0
3955,21019.0,0,9.0,1,0,0,28.0,3.0,5.0,0,0
3961,21700.0,0,26.0,1,0,0,38.0,6.0,4.0,1,0
3963,20947.0,0,15.0,1,0,0,36.0,3.0,3.0,1,0
3966,24132.0,1,7.0,0,1,1,45.0,7.0,5.0,0,0
3968,22835.0,1,30.0,0,1,1,27.0,2.0,3.0,0,0
3971,22692.0,1,30.0,1,0,0,36.0,5.0,5.0,0,0
3972,24593.0,0,14.0,0,1,1,32.0,5.0,3.0,1,0
3973,24671.0,0,7.0,0,1,1,38.0,3.0,3.0,1,0
3974,24840.0,1,7.0,0,1,1,33.0,3.0,3.0,1,0
3982,20872.0,0,7.0,1,0,0,36.0,6.0,5.0,1,0
3983,22066.0,1,16.0,1,0,0,37.0,2.0,3.0,1,1
3985,21381.0,0,9.0,1,0,0,30.0,2.0,4.0,1,0
3987,24898.0,0,7.0,0,1,1,33.0,3.0,4.0,1,0
3988,21716.0,0,13.0,1,0,0,37.0,5.0,3.0,0,0
3993,23699.0,1,12.0,0,1,1,47.0,2.0,4.0,1,0
3994,23804.0,1,7.0,0,1,1,31.0,3.0,3.0,1,0
3998,23003.0,0,7.0,0,1,1,35.0,3.0,4.0,1,0
4001,20753.0,0,16.0,1,0,0,52.0,5.0,3.0,1,0
4006,23887.0,1,11.0,0,1,1,31.0,3.0,4.0,0,0
4010,23677.0,0,10.0,0,1,1,25.0,2.0,3.0,0,0
4011,22899.0,0,11.0,0,1,1,29.0,3.0,3.0,1,0
4013,20720.0,0,30.0,0,1,1,45.0,6.0,4.0,1,0
4014,20751.0,1,13.0,1,0,0,38.0,6.0,5.0,1,1
4018,23841.0,0,9.0,0,1,1,38.0,7.0,3.0,1,0
4022,21567.0,0,14.0,1,0,0,26.0,3.0,3.0,1,0
4027,21452.0,0,25.0,1,0,0,25.0,2.0,3.0,1,0
4032,21513.0,0,10.0,1,0,0,37.0,7.0,3.0,0,0
4035,24824.0,0,29.0,0,1,1,34.0,2.0,4.0,1,0
4039,21046.0,0,13.0,1,0,0,27.0,3.0,4.0,0,0
4043,25245.0,0,27.0,0,1,1,50.0,3.0,5.0,0,0
4048,21620.0,0,32.0,1,0,0,27.0,3.0,3.0,0,0
4051,24580.0,0,11.0,0,1,1,40.0,6.0,3.0,0,0
4052,27317.0,0,35.0,0,1,1,26.0,4.0,3.0,1,0
4053,25025.0,1,16.0,0,1,1,31.0,2.0,3.0,1,0
4062,20916.0,0,16.0,1,0,0,42.0,4.0,5.0,1,0
4064,24283.0,0,33.0,0,1,1,41.0,3.0,4.0,0,0
4066,20984.0,1,13.0,0,1,1,54.0,4.0,3.0,1,0
4067,21026.0,0,16.0,0,1,1,46.0,2.0,4.0,1,0
4070,24810.0,0,14.0,0,1,1,52.0,4.0,3.0,1,0
4074,21001.0,0,26.0,1,0,0,23.0,3.0,3.0,1,0
4076,21391.0,0,28.0,1,0,0,29.0,3.0,3.0,1,0
4078,21244.0,1,10.0,1,0,0,28.0,3.0,3.0,1,0
4080,21129.0,0,21.0,1,0,0,42.0,6.0,3.0,1,0
4087,21750.0,0,16.0,0,1,1,31.0,3.0,5.0,1,0
4088,23684.0,1,11.0,0,1,1,46.0,6.0,5.0,0,0
4094,22607.0,1,19.0,1,0,0,32.0,2.0,3.0,0,0
4097,22368.0,0,7.0,1,0,0,51.0,4.0,3.0,1,0
4098,23128.0,0,20.0,0,1,1,54.0,3.0,5.0,0,0
4099,21434.0,0,21.0,1,0,0,34.0,3.0,4.0,0,0
4106,24594.0,1,30.0,0,1,1,36.0,5.0,3.0,1,1
4107,20767.0,0,14.0,1,0,0,44.0,6.0,3.0,1,0
4109,22242.0,1,28.0,1,0,0,38.0,3.0,5.0,1,0
4111,23943.0,0,28.0,0,1,1,43.0,4.0,3.0,0,0
4112,25231.0,0,9.0,0,1,1,39.0,2.0,3.0,1,0
4115,25482.0,1,25.0,0,1,1,50.0,3.0,3.0,1,0
4116,22493.0,1,17.0,1,0,0,35.0,3.0,3.0,1,0
4117,21419.0,1,26.0,0,1,1,41.0,2.0,3.0,1,0
4118,25351.0,1,36.0,0,1,1,39.0,2.0,5.0,1,1
4120,21006.0,1,12.0,1,0,0,23.0,3.0,4.0,1,0
4122,23554.0,0,16.0,0,1,1,41.0,2.0,3.0,1,0
4133,24618.0,0,10.0,0,1,1,55.0,4.0,5.0,0,0
4140,21471.0,0,11.0,1,0,0,38.0,6.0,3.0,1,0
4148,21114.0,1,21.0,1,0,0,34.0,7.0,3.0,1,1
4150,21385.0,0,9.0,1,0,0,34.0,2.0,5.0,0,1
4152,22609.0,0,11.0,1,0,0,33.0,4.0,4.0,0,0
4154,20910.0,0,7.0,1,0,0,40.0,2.0,3.0,0,0
4155,23143.0,0,33.0,0,1,1,33.0,2.0,3.0,1,0
4156,21750.0,0,26.0,0,1,1,42.0,4.0,5.0,1,0
4160,21589.0,0,12.0,1,0,0,34.0,3.0,3.0,0,0
4162,22598.0,0,7.0,1,0,0,38.0,4.0,5.0,0,0
4163,25112.0,0,14.0,0,1,1,46.0,6.0,3.0,1,0
4168,25609.0,0,27.0,0,1,1,30.0,4.0,3.0,1,0
4169,23576.0,0,7.0,0,1,1,26.0,2.0,3.0,0,0
4170,21271.0,1,9.0,1,0,0,43.0,2.0,5.0,0,0
4172,21401.0,0,7.0,1,0,0,52.0,3.0,3.0,1,0
4174,21472.0,0,14.0,1,0,0,33.0,3.0,4.0,1,0
4175,23927.0,0,9.0,0,1,1,39.0,5.0,3.0,1,0
4179,25322.0,0,9.0,0,1,1,30.0,4.0,4.0,1,0
4180,24260.0,0,30.0,0,1,1,32.0,2.0,3.0,1,0
4181,22678.0,0,12.0,0,1,1,26.0,3.0,5.0,1,0
4183,21888.0,0,13.0,1,0,0,37.0,2.0,3.0,1,0
4186,20748.0,0,16.0,1,0,0,29.0,3.0,3.0,1,0
4187,25180.0,0,13.0,0,1,1,38.0,6.0,3.0,1,0
4191,24283.0,1,14.0,0,1,1,39.0,3.0,5.0,0,0
4192,25075.0,0,7.0,0,1,1,27.0,3.0,4.0,0,0
4195,23585.0,0,7.0,0,1,1,43.0,3.0,3.0,1,0
4198,23419.0,1,18.0,0,1,1,27.0,3.0,5.0,1,0
4200,21839.0,1,31.0,1,0,0,45.0,5.0,3.0,1,1
4201,24423.0,0,30.0,0,1,1,39.0,2.0,3.0,1,0
4202,21051.0,1,23.0,1,0,0,27.0,4.0,4.0,1,1
4206,21467.0,0,12.0,1,0,0,32.0,3.0,4.0,0,0
4208,21004.0,1,16.0,1,0,0,38.0,3.0,3.0,1,0
4212,22366.0,0,25.0,1,0,0,37.0,6.0,3.0,1,0
4219,24352.0,0,31.0,0,1,1,37.0,2.0,4.0,0,0
4220,24162.0,0,14.0,0,1,1,33.0,3.0,3.0,1,0
4224,25088.0,0,9.0,0,1,1,32.0,5.0,5.0,1,0
4226,21373.0,1,9.0,1,0,0,32.0,2.0,3.0,1,0
4231,23619.0,0,15.0,0,1,1,53.0,4.0,4.0,1,1
4235,26225.0,0,14.0,0,1,1,32.0,6.0,3.0,1,0
4238,24453.0,0,35.0,0,1,1,31.0,3.0,3.0,0,0
4241,23916.0,1,10.0,0,1,1,40.0,6.0,3.0,0,1
4244,23935.0,0,17.0,0,1,1,44.0,3.0,3.0,0,0
4245,25027.0,1,7.0,0,1,1,28.0,2.0,4.0,1,0
4248,22375.0,0,15.0,0,1,1,46.0,2.0,3.0,1,0
4252,24796.0,0,12.0,0,1,1,31.0,3.0,3.0,0,0
4253,24892.0,0,15.0,0,1,1,28.0,3.0,4.0,0,0
4254,25025.0,0,12.0,0,1,1,38.0,2.0,3.0,1,0
4257,26946.0,1,17.0,0,1,1,30.0,3.0,4.0,0,0
4259,21582.0,0,33.0,1,0,0,24.0,3.0,3.0,1,0
4263,23327.0,0,9.0,0,1,1,30.0,3.0,3.0,1,0
4265,21048.0,0,9.0,1,0,0,33.0,3.0,4.0,0,0
4267,24652.0,1,13.0,0,1,1,38.0,6.0,5.0,1,0
4269,23974.0,0,7.0,0,1,1,27.0,3.0,3.0,1,0
4275,20891.0,1,17.0,1,0,0,41.0,5.0,3.0,0,0
4279,23936.0,0,14.0,0,1,1,47.0,4.0,3.0,0,0
4282,25058.0,1,29.0,0,1,1,41.0,4.0,3.0,1,1
4287,22494.0,0,7.0,1,0,0,28.0,3.0,4.0,1,0
4290,23614.0,0,21.0,0,1,1,52.0,6.0,3.0,0,0
4291,21221.0,0,9.0,1,0,0,37.0,6.0,3.0,0,0
4294,22938.0,1,17.0,0,1,1,25.0,3.0,3.0,0,0
4297,20922.0,0,18.0,1,0,0,23.0,3.0,4.0,0,0
4300,21712.0,0,21.0,1,0,0,38.0,3.0,5.0,0,0
4301,24393.0,0,9.0,0,1,1,41.0,2.0,4.0,0,0
4302,21254.0,0,7.0,1,0,0,43.0,5.0,5.0,0,0
4307,25216.0,0,11.0,0,1,1,35.0,2.0,3.0,0,0
4308,22984.0,0,14.0,0,1,1,32.0,3.0,5.0,0,0
4309,20936.0,0,28.0,1,0,0,44.0,2.0,3.0,1,0
4310,23200.0,1,15.0,0,1,1,44.0,6.0,3.0,0,0
4312,23127.0,1,32.0,0,1,1,38.0,5.0,3.0,0,0
4313,20896.0,0,7.0,1,0,0,32.0,3.0,5.0,1,0
4318,23236.0,0,24.0,0,1,1,29.0,3.0,5.0,1,0
4319,22709.0,0,10.0,1,0,0,26.0,7.0,5.0,1,1
4321,21332.0,0,17.0,1,0,0,46.0,5.0,3.0,1,0
4323,23234.0,0,36.0,0,1,1,43.0,4.0,3.0,0,0
4326,23488.0,0,25.0,0,1,1,47.0,4.0,3.0,0,0
4330,20380.0,1,9.0,1,0,0,39.0,3.0,3.0,1,0
4332,21564.0,0,30.0,1,0,0,27.0,3.0,3.0,0,0
4333,20775.0,0,10.0,1,0,0,31.0,6.0,3.0,1,0
4342,23748.0,0,9.0,0,1,1,48.0,7.0,3.0,0,0
4346,21446.0,0,9.0,1,0,0,35.0,5.0,3.0,1,0
4355,20771.0,0,12.0,1,0,0,43.0,6.0,3.0,1,0
4358,22729.0,0,9.0,0,1,1,49.0,4.0,3.0,0,0
4361,23395.0,0,7.0,0,1,1,36.0,2.0,3.0,1,0
4363,22433.0,0,15.0,1,0,0,40.0,3.0,3.0,0,0
4366,23483.0,0,9.0,0,1,1,46.0,2.0,4.0,1,0
4367,21419.0,1,24.0,1,0,0,27.0,2.0,3.0,0,1
4374,22984.0,0,36.0,0,1,1,27.0,7.0,3.0,1,0
4383,23385.0,0,18.0,0,1,1,33.0,2.0,3.0,1,1
4384,21078.0,0,31.0,1,0,0,25.0,2.0,3.0,1,0
4388,21403.0,1,30.0,1,0,0,25.0,3.0,3.0,1,0
4389,24950.0,0,35.0,0,1,1,27.0,3.0,4.0,1,0
4390,20805.0,0,24.0,1,0,0,25.0,3.0,4.0,1,0
4392,20774.0,0,20.0,1,0,0,26.0,3.0,3.0,1,0
4393,21564.0,1,14.0,1,0,0,25.0,3.0,3.0,0,1
4394,20711.0,0,19.0,1,0,0,31.0,3.0,5.0,1,1
4395,22300.0,1,7.0,1,0,0,35.0,3.0,3.0,1,0
4396,22911.0,0,20.0,0,1,1,32.0,4.0,5.0,1,1
4398,24138.0,0,13.0,0,1,1,32.0,6.0,3.0,1,0
4399,20865.0,0,13.0,1,0,0,28.0,2.0,3.0,0,0
4402,22767.0,0,9.0,0,1,1,43.0,3.0,3.0,0,0
4405,24357.0,1,16.0,0,1,1,44.0,5.0,3.0,1,0
4409,21719.0,0,9.0,1,0,0,28.0,2.0,5.0,1,1
4412,21451.0,0,13.0,1,0,0,23.0,2.0,3.0,1,0
4413,25782.0,0,15.0,0,1,1,34.0,2.0,3.0,1,0
4414,25000.0,1,16.0,0,1,1,33.0,3.0,3.0,0,0
4415,20761.0,0,10.0,1,0,0,31.0,3.0,3.0,0,0
4417,21369.0,0,7.0,1,0,0,35.0,3.0,3.0,1,0
4418,22964.0,0,33.0,0,1,1,46.0,4.0,5.0,0,1
4419,21337.0,1,13.0,1,0,0,27.0,3.0,3.0,0,0
4421,24239.0,0,10.0,0,1,1,30.0,3.0,3.0,0,0
4423,26403.0,0,13.0,0,1,1,34.0,5.0,3.0,1,0
4425,27525.0,1,16.0,0,1,1,37.0,4.0,4.0,1,0
4429,19959.0,0,10.0,1,0,0,36.0,3.0,3.0,1,0
4430,21497.0,0,11.0,1,0,0,24.0,4.0,5.0,1,0
4431,23529.0,0,15.0,0,1,1,26.0,2.0,4.0,1,0
4434,26798.0,0,9.0,0,1,1,49.0,5.0,4.0,1,0
4435,23325.0,1,10.0,0,1,1,28.0,3.0,3.0,0,0
4437,21899.0,1,35.0,1,0,0,51.0,3.0,3.0,1,0
4453,22553.0,0,15.0,1,0,0,51.0,2.0,4.0,1,0
4459,23982.0,0,34.0,0,1,1,31.0,2.0,3.0,1,0
4462,25482.0,0,22.0,0,1,1,44.0,5.0,3.0,1,0
4464,21178.0,0,16.0,1,0,0,24.0,3.0,5.0,1,0
4465,25067.0,0,10.0,0,1,1,40.0,2.0,4.0,0,0
4469,20975.0,0,17.0,1,0,0,30.0,3.0,4.0,1,0
4471,23771.0,0,9.0,0,1,1,36.0,4.0,5.0,0,0
4472,23987.0,0,31.0,0,1,1,33.0,3.0,3.0,1,0
4474,23799.0,0,15.0,0,1,1,35.0,5.0,5.0,0,0
4484,22936.0,0,26.0,1,0,0,53.0,2.0,3.0,1,0
4486,23013.0,0,34.0,0,1,1,30.0,6.0,3.0,0,0
4489,24163.0,1,26.0,0,1,1,55.0,2.0,5.0,0,0
4490,23020.0,0,15.0,0,1,1,28.0,2.0,3.0,1,0
4491,21460.0,1,17.0,1,0,0,38.0,2.0,5.0,0,0
4494,21250.0,0,15.0,1,0,0,36.0,3.0,3.0,0,0
4496,22922.0,0,9.0,0,1,1,41.0,3.0,4.0,0,0
4497,25178.0,0,15.0,0,1,1,35.0,7.0,5.0,0,0
4499,20279.0,1,13.0,1,0,0,24.0,3.0,5.0,1,1
4500,21372.0,0,16.0,1,0,0,25.0,3.0,4.0,1,0
4501,21827.0,0,18.0,0,1,1,53.0,2.0,3.0,0,0
4503,20997.0,1,7.0,1,0,0,30.0,3.0,5.0,0,1
4507,23906.0,0,7.0,0,1,1,37.0,2.0,4.0,0,0
4508,21378.0,0,30.0,1,0,0,30.0,3.0,3.0,1,0
4511,24740.0,1,7.0,0,1,1,43.0,2.0,3.0,0,0
4513,20821.0,0,20.0,1,0,0,37.0,6.0,4.0,1,0
4514,24840.0,0,11.0,0,1,1,33.0,3.0,3.0,0,0
4518,23112.0,0,36.0,0,1,1,43.0,3.0,4.0,1,0
4519,24966.0,0,19.0,0,1,1,39.0,4.0,5.0,1,0
4526,23457.0,1,9.0,0,1,1,29.0,3.0,4.0,0,0
4527,22415.0,0,10.0,1,0,0,35.0,2.0,3.0,1,0
4528,21044.0,1,12.0,1,0,0,27.0,3.0,3.0,0,1
4529,20384.0,0,10.0,1,0,0,28.0,3.0,3.0,1,0
4533,22715.0,0,7.0,0,1,1,34.0,3.0,5.0,1,0
4535,24879.0,1,7.0,0,1,1,37.0,3.0,3.0,1,0
4536,23081.0,0,20.0,0,1,1,33.0,4.0,3.0,1,0
4537,22439.0,0,12.0,1,0,0,31.0,2.0,3.0,1,0
4540,23853.0,0,15.0,0,1,1,33.0,7.0,3.0,0,0
4542,25012.0,0,23.0,0,1,1,38.0,6.0,3.0,1,0
4543,23614.0,0,15.0,1,0,0,29.0,3.0,3.0,1,0
4545,21496.0,1,15.0,1,0,0,45.0,4.0,3.0,1,0
4547,21020.0,0,15.0,1,0,0,37.0,2.0,5.0,1,0
4548,22872.0,1,10.0,0,1,1,26.0,3.0,5.0,1,0
4550,20700.0,1,32.0,1,0,0,36.0,3.0,4.0,0,1
4551,20992.0,0,7.0,1,0,0,33.0,2.0,3.0,1,0
4552,22934.0,0,11.0,0,1,1,26.0,3.0,5.0,1,0
4554,21840.0,0,11.0,1,0,0,25.0,2.0,3.0,1,0
4555,25202.0,0,12.0,0,1,1,33.0,3.0,4.0,1,0
4556,21577.0,0,16.0,1,0,0,39.0,2.0,4.0,1,0
4557,23909.0,1,10.0,0,1,1,43.0,4.0,3.0,0,0
4558,21034.0,1,18.0,1,0,0,32.0,5.0,3.0,1,0
4562,21651.0,0,28.0,1,0,0,38.0,7.0,3.0,0,0
4564,24240.0,0,7.0,0,1,1,44.0,6.0,3.0,0,0
4565,23215.0,1,9.0,0,1,1,48.0,2.0,3.0,0,0
4568,23882.0,0,9.0,0,1,1,40.0,2.0,3.0,0,0
4569,20955.0,1,10.0,1,0,0,34.0,5.0,4.0,1,0
4572,21237.0,1,16.0,1,0,0,45.0,3.0,5.0,1,0
4575,23443.0,0,15.0,0,1,1,44.0,6.0,4.0,0,0
4578,25264.0,1,21.0,0,1,1,37.0,2.0,3.0,1,0
4580,22849.0,1,10.0,0,1,1,23.0,2.0,3.0,0,1
4582,21055.0,0,16.0,1,0,0,29.0,7.0,3.0,0,0
4583,21082.0,1,13.0,1,0,0,40.0,2.0,5.0,1,1
4585,20686.0,0,17.0,1,0,0,35.0,3.0,4.0,1,0
4589,21007.0,0,14.0,1,0,0,32.0,5.0,3.0,1,0
4590,22692.0,1,28.0,0,1,1,36.0,3.0,3.0,0,0
4592,20937.0,0,27.0,1,0,0,49.0,6.0,3.0,1,0
4593,25610.0,0,27.0,0,1,1,32.0,3.0,3.0,0,0
4597,21091.0,1,26.0,1,0,0,26.0,3.0,4.0,1,1
4604,24533.0,1,19.0,0,1,1,32.0,2.0,3.0,0,0
4605,22295.0,1,16.0,1,0,0,41.0,2.0,4.0,1,0
4606,25403.0,0,10.0,0,1,1,33.0,3.0,5.0,0,0
4610,23125.0,0,11.0,0,1,1,46.0,3.0,4.0,1,0
4612,23279.0,0,25.0,0,1,1,36.0,3.0,3.0,0,0
4621,23745.0,1,23.0,0,1,1,48.0,3.0,3.0,1,0
4627,20948.0,0,7.0,1,0,0,46.0,5.0,3.0,0,0
4629,24166.0,1,7.0,0,1,1,34.0,3.0,4.0,0,0
4632,22311.0,1,30.0,0,1,1,46.0,3.0,5.0,1,0
4634,20810.0,1,29.0,1,0,0,31.0,6.0,3.0,0,1
4636,21362.0,0,17.0,1,0,0,39.0,2.0,3.0,1,0
4638,23055.0,0,24.0,0,1,1,25.0,3.0,3.0,0,0
4639,22421.0,1,21.0,1,0,0,36.0,3.0,4.0,1,1
4640,22826.0,0,7.0,0,1,1,32.0,3.0,5.0,0,0
4647,24150.0,0,9.0,0,1,1,27.0,3.0,3.0,1,0
4653,22905.0,0,9.0,0,1,1,28.0,2.0,3.0,0,0
4654,22595.0,0,17.0,1,0,0,36.0,3.0,3.0,1,0
4656,21058.0,0,16.0,1,0,0,51.0,6.0,3.0,1,0
4665,25025.0,0,7.0,0,1,1,51.0,2.0,3.0,0,0
4675,23512.0,0,22.0,0,1,1,37.0,2.0,3.0,1,1
4677,20898.0,1,17.0,1,0,0,35.0,3.0,3.0,0,0
4678,19730.0,0,32.0,1,0,0,29.0,3.0,4.0,1,0
4679,21499.0,0,10.0,1,0,0,39.0,5.0,3.0,1,0
4682,27074.0,0,33.0,0,1,1,41.0,3.0,5.0,1,0
4683,20685.0,0,7.0,1,0,0,27.0,3.0,3.0,0,0
4692,23293.0,1,15.0,0,1,1,47.0,2.0,5.0,0,0
4693,21139.0,1,11.0,1,0,0,52.0,2.0,3.0,1,1
4695,22633.0,0,7.0,1,0,0,27.0,3.0,5.0,1,0
4707,20885.0,0,22.0,1,0,0,29.0,3.0,3.0,1,0
4709,25372.0,1,17.0,0,1,1,38.0,4.0,3.0,0,0
4711,21055.0,0,28.0,1,0,0,27.0,3.0,3.0,1,1
4714,21274.0,0,7.0,1,0,0,29.0,3.0,4.0,1,1
4716,22980.0,0,14.0,0,1,1,34.0,2.0,4.0,0,0
4717,21657.0,0,10.0,1,0,0,35.0,5.0,3.0,1,0
4719,24271.0,0,16.0,0,1,1,46.0,3.0,3.0,0,0
4722,21192.0,0,35.0,1,0,0,30.0,6.0,3.0,0,0
4732,21469.0,0,27.0,1,0,0,32.0,2.0,3.0,1,0
4733,21879.0,0,9.0,1,0,0,29.0,2.0,4.0,1,0
4734,23646.0,0,18.0,0,1,1,36.0,3.0,3.0,1,0
4737,21969.0,0,17.0,1,0,0,30.0,2.0,4.0,0,0
4739,23734.0,1,15.0,0,1,1,30.0,3.0,3.0,1,0
4740,21522.0,0,7.0,1,0,0,39.0,3.0,3.0,1,0
4741,21381.0,1,13.0,1,0,0,29.0,3.0,3.0,1,0
4744,23444.0,1,19.0,1,0,0,42.0,5.0,3.0,1,0
4745,21288.0,0,22.0,1,0,0,32.0,3.0,3.0,1,1
4746,24409.0,0,32.0,0,1,1,38.0,2.0,3.0,0,0
4747,21217.0,0,13.0,1,0,0,28.0,3.0,3.0,1,0
4748,24392.0,0,16.0,0,1,1,35.0,3.0,3.0,0,0
4756,21193.0,1,19.0,1,0,0,29.0,3.0,3.0,0,1
4757,23098.0,0,10.0,1,0,0,27.0,3.0,3.0,1,0
4758,25256.0,0,17.0,0,1,1,31.0,3.0,3.0,1,0
4759,23100.0,1,33.0,0,1,1,41.0,5.0,3.0,0,0
4762,21054.0,0,11.0,1,0,0,36.0,3.0,3.0,1,0
4764,21505.0,0,9.0,1,0,0,33.0,3.0,5.0,0,0
4766,21809.0,0,13.0,1,0,0,30.0,3.0,3.0,0,0
4768,23155.0,1,14.0,1,0,0,46.0,6.0,3.0,0,0
4769,25152.0,0,8.0,0,1,1,38.0,3.0,3.0,0,0
4774,21531.0,1,10.0,1,0,0,23.0,2.0,3.0,1,1
4777,22278.0,0,9.0,1,0,0,34.0,3.0,3.0,1,0
4779,22793.0,0,36.0,0,1,1,31.0,2.0,5.0,1,0
4780,23005.0,0,9.0,0,1,1,41.0,7.0,4.0,1,0
4782,21874.0,0,26.0,1,0,0,29.0,3.0,5.0,1,0
4785,20888.0,0,24.0,1,0,0,25.0,3.0,4.0,0,1
4786,23217.0,0,32.0,0,1,1,34.0,3.0,3.0,0,0
4788,22169.0,0,14.0,0,1,1,31.0,3.0,3.0,1,0
4792,24950.0,0,9.0,0,1,1,43.0,2.0,5.0,1,0
4794,21421.0,0,20.0,1,0,0,33.0,3.0,4.0,0,0
4797,21459.0,0,16.0,1,0,0,34.0,2.0,3.0,1,0
4800,22257.0,1,8.0,1,0,0,31.0,2.0,4.0,1,0
4803,20913.0,1,21.0,1,0,0,28.0,3.0,5.0,1,0
4805,20689.0,0,9.0,1,0,0,45.0,3.0,3.0,0,0
4807,22438.0,0,8.0,1,0,0,30.0,3.0,3.0,0,0
4809,25511.0,1,18.0,0,1,1,32.0,3.0,5.0,1,0
4820,21263.0,0,14.0,0,1,1,35.0,3.0,3.0,1,1
4825,19796.0,0,15.0,1,0,0,26.0,6.0,5.0,1,1
4829,21303.0,1,25.0,0,1,1,22.0,2.0,3.0,0,1
4853,23561.0,0,9.0,0,1,1,33.0,6.0,4.0,1,1
4854,22582.0,1,31.0,1,0,0,40.0,3.0,4.0,1,1
4861,27124.0,1,14.0,1,0,0,53.0,4.0,3.0,0,1
4863,23212.0,1,14.0,1,0,0,40.0,3.0,3.0,1,1
4866,20980.0,1,20.0,0,1,1,32.0,7.0,5.0,1,1
4874,22781.0,1,15.0,1,0,0,42.0,3.0,5.0,0,1
4875,22927.0,1,8.0,1,0,0,36.0,3.0,4.0,1,1
4877,25571.0,0,16.0,0,1,1,39.0,6.0,5.0,1,1
4879,22347.0,1,27.0,1,0,0,26.0,2.0,4.0,0,1
4881,21065.0,0,25.0,1,0,0,41.0,2.0,5.0,1,1
4882,23317.0,1,20.0,1,0,0,37.0,6.0,5.0,1,1
